Customer ID,Customer Name,Segment,Region,Loyalty Tier,Signup Date
CUST01918,Customer 1918,Consumer,West,Bronze,2018-06-28
CUST01278,Customer 1278,Enterprise,South,Silver,2017-07-22
CUST04030,Customer 4030,Enterprise,East,Bronze,2018-02-13
CUST03431,Customer 3431,Consumer,North,Silver,2023-02-13
CUST00709,Customer 0709,Enterprise,East,Silver,2016-09-03
CUST02157,Customer 2157,Enterprise,West,Bronze,2017-05-13
CUST04788,Customer 4788,Consumer,North,Silver,2019-12-21
CUST03057,Customer 3057,Corporate,East,Gold,2019-02-06
CUST02333,Customer 2333,Enterprise,South,Gold,2017-11-07
CUST02933,Customer 2933,Enterprise,South,Bronze,2021-12-28
CUST01350,Customer 1350,SMB,North,Gold,2018-01-07
CUST03410,Customer 3410,SMB,South,Bronze,2024-05-11
CUST04087,Customer 4087,Consumer,West,Bronze,2019-09-01
CUST04854,Customer 4854,Corporate,South,Silver,2019-04-02
CUST03090,Customer 3090,SMB,North,Bronze,2023-07-12
CUST02160,Customer 2160,Corporate,South,Bronze,2017-12-09
CUST01480,Customer 1480,Corporate,West,Bronze,2022-10-10
CUST03535,Customer 3535,Enterprise,South,Bronze,2016-09-18
CUST00871,Customer 0871,SMB,East,Silver,2018-05-14
CUST00023,Customer 0023,SMB,North,Bronze,2019-07-02
CUST01057,Customer 1057,Enterprise,West,Silver,2016-10-24
CUST00236,Customer 0236,Corporate,North,Silver,2019-07-30
CUST01840,Customer 1840,SMB,West,Bronze,2018-03-07
CUST04464,Customer 4464,Corporate,West,Bronze,2020-05-23
CUST00243,Customer 0243,SMB,East,Bronze,2017-06-16
CUST04982,Customer 4982,SMB,South,Gold,2016-08-16
CUST00020,Customer 0020,Corporate,West,Gold,2015-11-13
CUST03005,Customer 3005,SMB,West,Silver,2018-06-23
CUST03307,Customer 3307,Enterprise,East,Silver,2016-01-10
CUST03024,Customer 3024,Enterprise,North,Bronze,2023-04-19
CUST01597,Customer 1597,Enterprise,South,Silver,2022-10-29
CUST02588,Customer 2588,Enterprise,West,Bronze,2015-09-26
CUST00365,Customer 0365,Corporate,East,Bronze,2022-04-24
CUST02848,Customer 2848,Enterprise,South,Gold,2020-09-26
CUST03193,Customer 3193,Corporate,South,Gold,2017-04-04
CUST04675,Customer 4675,Corporate,West,Bronze,2017-04-12
CUST04141,Customer 4141,Consumer,North,Silver,2019-09-25
CUST03172,Customer 3172,Corporate,East,Silver,2022-08-17
CUST03836,Customer 3836,SMB,North,Gold,2016-04-22
CUST00224,Customer 0224,Corporate,North,Gold,2019-05-21
CUST03179,Customer 3179,Consumer,East,Gold,2023-08-25
CUST04410,Customer 4410,SMB,South,Silver,2018-12-21
CUST04855,Customer 4855,Enterprise,South,Bronze,2023-03-11
CUST04264,Customer 4264,SMB,East,Silver,2018-12-28
CUST04859,Customer 4859,Enterprise,North,Bronze,2017-09-01
CUST02479,Customer 2479,SMB,South,Silver,2016-01-06
CUST00079,Customer 0079,Consumer,East,Silver,2015-03-28
CUST02871,Customer 2871,SMB,East,Gold,2015-09-28
CUST00916,Customer 0916,SMB,East,Bronze,2016-12-03
CUST00853,Customer 0853,Corporate,North,Silver,2019-01-25
CUST00494,Customer 0494,Enterprise,West,Platinum,2021-03-07
CUST04688,Customer 4688,Enterprise,West,Gold,2021-09-05
CUST04738,Customer 4738,SMB,West,Silver,2021-04-08
CUST02856,Customer 2856,Enterprise,North,Bronze,2017-07-08
CUST03119,Customer 3119,SMB,North,Bronze,2018-06-09
CUST04740,Customer 4740,Corporate,East,Platinum,2016-06-28
CUST04725,Customer 4725,Enterprise,North,Bronze,2021-01-08
CUST02182,Customer 2182,Consumer,South,Silver,2018-05-13
CUST03899,Customer 3899,Enterprise,West,Gold,2018-03-20
CUST01622,Customer 1622,Consumer,East,Bronze,2019-09-04
CUST03920,Customer 3920,Corporate,West,Platinum,2023-11-11
CUST00924,Customer 0924,Corporate,East,Bronze,2023-03-30
CUST00752,Customer 0752,Consumer,West,Gold,2016-08-25
CUST03855,Customer 3855,Enterprise,West,Bronze,2015-06-20
CUST00623,Customer 0623,Corporate,East,Bronze,2023-06-11
CUST04191,Customer 4191,Enterprise,South,Silver,2020-09-15
CUST01853,Customer 1853,Corporate,East,Silver,2018-02-23
CUST03721,Customer 3721,SMB,North,Bronze,2024-08-28
CUST02842,Customer 2842,Corporate,North,Bronze,2017-08-31
CUST03472,Customer 3472,SMB,West,Gold,2018-05-15
CUST02988,Customer 2988,Enterprise,South,Bronze,2015-11-17
CUST04925,Customer 4925,Corporate,East,Silver,2023-10-07
CUST02884,Customer 2884,Corporate,West,Platinum,2024-04-08
CUST03564,Customer 3564,Consumer,South,Bronze,2022-04-01
CUST02914,Customer 2914,Enterprise,West,Bronze,2020-03-18
CUST00503,Customer 0503,SMB,East,Bronze,2023-05-16
CUST03116,Customer 3116,Consumer,West,Bronze,2022-07-12
CUST00531,Customer 0531,Corporate,North,Silver,2019-08-09
CUST02000,Customer 2000,Enterprise,North,Silver,2015-09-16
CUST04945,Customer 4945,Consumer,East,Silver,2023-10-21
CUST00258,Customer 0258,Corporate,South,Platinum,2022-09-17
CUST01902,Customer 1902,Consumer,East,Bronze,2016-01-12
CUST04658,Customer 4658,Corporate,North,Silver,2023-02-22
CUST02937,Customer 2937,Corporate,South,Bronze,2018-09-03
CUST02761,Customer 2761,SMB,West,Bronze,2016-07-07
CUST03964,Customer 3964,SMB,East,Bronze,2024-12-21
CUST00939,Customer 0939,Corporate,South,Bronze,2022-04-15
CUST01254,Customer 1254,Corporate,East,Silver,2019-02-14
CUST02735,Customer 2735,Consumer,East,Bronze,2024-10-07
CUST01758,Customer 1758,Consumer,South,Silver,2016-07-03
CUST01047,Customer 1047,Enterprise,South,Bronze,2015-02-19
CUST02429,Customer 2429,Enterprise,West,Bronze,2020-09-13
CUST01579,Customer 1579,Consumer,North,Bronze,2018-06-12
CUST00309,Customer 0309,Enterprise,South,Gold,2018-04-08
CUST00848,Customer 0848,SMB,South,Bronze,2024-06-16
CUST00941,Customer 0941,Enterprise,East,Silver,2023-03-16
CUST03375,Customer 3375,Enterprise,West,Silver,2023-10-07
CUST02726,Customer 2726,Enterprise,South,Silver,2016-06-21
CUST04606,Customer 4606,Consumer,North,Platinum,2024-07-01
CUST02577,Customer 2577,SMB,South,Bronze,2020-04-25
CUST03019,Customer 3019,SMB,South,Bronze,2015-02-25
CUST03020,Customer 3020,Corporate,West,Bronze,2017-12-05
CUST01368,Customer 1368,Consumer,East,Silver,2022-02-25
CUST00581,Customer 0581,Consumer,North,Silver,2020-01-12
CUST01460,Customer 1460,Corporate,North,Silver,2016-12-31
CUST00587,Customer 0587,SMB,West,Bronze,2020-10-31
CUST04947,Customer 4947,Consumer,East,Silver,2017-08-29
CUST02223,Customer 2223,SMB,North,Silver,2018-08-19
CUST00426,Customer 0426,Enterprise,South,Bronze,2023-06-21
CUST04298,Customer 4298,Corporate,South,Bronze,2024-07-24
CUST00804,Customer 0804,Corporate,West,Silver,2017-08-19
CUST03166,Customer 3166,Enterprise,East,Bronze,2022-06-29
CUST03176,Customer 3176,Consumer,South,Bronze,2016-11-24
CUST01050,Customer 1050,Corporate,South,Silver,2016-09-24
CUST03466,Customer 3466,Corporate,West,Silver,2016-08-14
CUST02455,Customer 2455,Corporate,North,Bronze,2016-03-01
CUST00550,Customer 0550,SMB,East,Bronze,2018-08-12
CUST04460,Customer 4460,SMB,West,Silver,2022-07-14
CUST03056,Customer 3056,Consumer,South,Silver,2020-03-15
CUST02834,Customer 2834,Consumer,East,Bronze,2017-08-19
CUST04069,Customer 4069,Corporate,North,Silver,2020-04-05
CUST02664,Customer 2664,SMB,West,Platinum,2015-12-18
CUST01064,Customer 1064,Enterprise,South,Bronze,2021-05-01
CUST00520,Customer 0520,Consumer,West,Silver,2019-04-10
CUST00760,Customer 0760,Enterprise,South,Bronze,2019-03-10
CUST04431,Customer 4431,SMB,South,Silver,2016-04-01
CUST03575,Customer 3575,SMB,South,Bronze,2024-09-26
CUST01122,Customer 1122,SMB,West,Bronze,2019-01-17
CUST04958,Customer 4958,Corporate,East,Bronze,2024-04-16
CUST00628,Customer 0628,SMB,East,Bronze,2018-12-13
CUST01969,Customer 1969,Enterprise,East,Gold,2018-07-19
CUST01508,Customer 1508,Enterprise,South,Bronze,2016-07-10
CUST02073,Customer 2073,Enterprise,East,Silver,2024-08-17
CUST02513,Customer 2513,Consumer,South,Silver,2019-09-24
CUST04993,Customer 4993,SMB,East,Silver,2017-06-18
CUST01499,Customer 1499,Consumer,South,Silver,2015-03-30
CUST00090,Customer 0090,Enterprise,East,Bronze,2023-06-10
CUST02439,Customer 2439,Consumer,West,Bronze,2024-12-30
CUST04884,Customer 4884,Corporate,South,Gold,2019-02-03
CUST04683,Customer 4683,Corporate,East,Silver,2016-02-02
CUST02616,Customer 2616,Corporate,North,Gold,2021-12-13
CUST04385,Customer 4385,Enterprise,East,Bronze,2016-11-10
CUST01940,Customer 1940,Enterprise,South,Bronze,2023-07-18
CUST02344,Customer 2344,Corporate,East,Bronze,2015-06-11
CUST04941,Customer 4941,Consumer,East,Bronze,2023-05-15
CUST01080,Customer 1080,SMB,East,Bronze,2018-08-23
CUST03490,Customer 3490,SMB,East,Silver,2024-05-22
CUST02816,Customer 2816,SMB,East,Bronze,2021-11-07
CUST01438,Customer 1438,Enterprise,East,Silver,2015-07-06
CUST00767,Customer 0767,Corporate,North,Gold,2024-03-30
CUST01821,Customer 1821,Corporate,West,Silver,2023-04-21
CUST01191,Customer 1191,Enterprise,North,Silver,2020-12-07
CUST01066,Customer 1066,Enterprise,South,Silver,2019-07-04
CUST02545,Customer 2545,Enterprise,West,Bronze,2024-11-25
CUST00990,Customer 0990,Consumer,East,Bronze,2020-09-27
CUST01408,Customer 1408,Consumer,East,Silver,2017-10-15
CUST03954,Customer 3954,Consumer,West,Bronze,2023-06-16
CUST02325,Customer 2325,Corporate,West,Bronze,2015-08-13
CUST02490,Customer 2490,Consumer,South,Bronze,2021-07-26
CUST04171,Customer 4171,Consumer,West,Silver,2022-02-19
CUST00349,Customer 0349,Corporate,North,Silver,2023-09-20
CUST03082,Customer 3082,Corporate,South,Silver,2022-05-02
CUST03017,Customer 3017,SMB,East,Bronze,2018-12-22
CUST00164,Customer 0164,SMB,South,Bronze,2015-01-04
CUST03538,Customer 3538,Consumer,East,Bronze,2015-11-07
CUST03692,Customer 3692,SMB,North,Bronze,2020-02-11
CUST00334,Customer 0334,Enterprise,East,Bronze,2015-01-05
CUST00734,Customer 0734,Consumer,South,Bronze,2024-10-15
CUST03525,Customer 3525,SMB,South,Silver,2022-08-05
CUST04533,Customer 4533,Enterprise,South,Bronze,2018-08-13
CUST02775,Customer 2775,Corporate,West,Bronze,2015-03-09
CUST00604,Customer 0604,SMB,East,Bronze,2020-03-04
CUST02561,Customer 2561,Consumer,East,Silver,2022-05-30
CUST02153,Customer 2153,Consumer,West,Bronze,2016-08-29
CUST00601,Customer 0601,SMB,West,Bronze,2020-12-21
CUST03570,Customer 3570,Enterprise,North,Bronze,2016-05-18
CUST03881,Customer 3881,Corporate,South,Gold,2020-10-28
CUST04976,Customer 4976,Consumer,South,Silver,2015-11-18
CUST00478,Customer 0478,Consumer,South,Bronze,2020-04-25
CUST04124,Customer 4124,Enterprise,West,Bronze,2020-12-28
CUST04652,Customer 4652,Corporate,West,Bronze,2024-04-19
CUST04107,Customer 4107,Enterprise,West,Bronze,2015-05-08
CUST04527,Customer 4527,SMB,South,Silver,2016-06-17
CUST03746,Customer 3746,Consumer,East,Platinum,2019-09-27
CUST02547,Customer 2547,Corporate,East,Silver,2016-06-15
CUST00232,Customer 0232,Consumer,East,Silver,2019-12-30
CUST03848,Customer 3848,Consumer,East,Bronze,2018-07-11
CUST03044,Customer 3044,Enterprise,South,Bronze,2023-03-05
CUST03448,Customer 3448,Corporate,West,Bronze,2023-04-19
CUST04496,Customer 4496,Enterprise,West,Silver,2019-10-09
CUST02299,Customer 2299,Corporate,South,Bronze,2024-06-30
CUST03824,Customer 3824,Consumer,East,Bronze,2018-06-14
CUST02858,Customer 2858,SMB,South,Silver,2023-10-16
CUST02750,Customer 2750,SMB,North,Platinum,2024-03-13
CUST04453,Customer 4453,SMB,North,Bronze,2021-02-06
CUST01215,Customer 1215,Corporate,North,Bronze,2024-08-26
CUST02789,Customer 2789,SMB,North,Bronze,2023-04-14
CUST00815,Customer 0815,Enterprise,North,Bronze,2023-08-12
CUST01694,Customer 1694,SMB,West,Silver,2015-05-08
CUST04079,Customer 4079,Enterprise,South,Gold,2021-03-17
CUST00074,Customer 0074,SMB,North,Silver,2018-07-14
CUST01454,Customer 1454,Enterprise,West,Silver,2017-10-28
CUST01757,Customer 1757,SMB,West,Bronze,2016-08-20
CUST04172,Customer 4172,Enterprise,East,Gold,2020-04-14
CUST02264,Customer 2264,SMB,North,Bronze,2015-07-25
CUST04055,Customer 4055,SMB,East,Bronze,2020-09-30
CUST04275,Customer 4275,Corporate,South,Silver,2018-12-02
CUST02449,Customer 2449,Consumer,North,Bronze,2020-10-13
CUST01899,Customer 1899,Consumer,South,Bronze,2024-08-14
CUST03904,Customer 3904,Enterprise,South,Bronze,2023-11-05
CUST01578,Customer 1578,Corporate,West,Bronze,2018-02-24
CUST01605,Customer 1605,Corporate,North,Bronze,2015-06-02
CUST03253,Customer 3253,Enterprise,North,Bronze,2019-01-05
CUST04866,Customer 4866,Corporate,North,Gold,2023-04-22
CUST02801,Customer 2801,Corporate,North,Silver,2017-03-20
CUST01998,Customer 1998,SMB,South,Gold,2016-11-21
CUST04645,Customer 4645,Corporate,North,Bronze,2021-01-13
CUST04835,Customer 4835,Consumer,South,Bronze,2015-08-19
CUST01206,Customer 1206,Consumer,North,Bronze,2023-03-15
CUST00606,Customer 0606,SMB,North,Bronze,2017-07-31
CUST04427,Customer 4427,Corporate,West,Gold,2024-02-14
CUST04486,Customer 4486,Consumer,South,Gold,2015-01-22
CUST00655,Customer 0655,SMB,East,Platinum,2021-03-20
CUST02564,Customer 2564,Enterprise,South,Gold,2019-05-08
CUST00401,Customer 0401,Consumer,West,Silver,2022-03-09
CUST00851,Customer 0851,Consumer,North,Bronze,2016-08-23
CUST02807,Customer 2807,Consumer,West,Silver,2020-07-28
CUST00069,Customer 0069,Corporate,East,Silver,2019-04-23
CUST03825,Customer 3825,Consumer,South,Silver,2021-07-30
CUST04643,Customer 4643,Enterprise,South,Bronze,2016-11-21
CUST02691,Customer 2691,Consumer,North,Bronze,2018-03-06
CUST02032,Customer 2032,SMB,South,Bronze,2021-02-22
CUST01449,Customer 1449,Consumer,South,Bronze,2022-08-09
CUST04722,Customer 4722,Corporate,East,Bronze,2017-09-24
CUST03421,Customer 3421,Corporate,North,Silver,2017-05-11
CUST03419,Customer 3419,Consumer,East,Bronze,2015-12-28
CUST01631,Customer 1631,Consumer,South,Bronze,2018-12-22
CUST00669,Customer 0669,Consumer,North,Silver,2015-08-04
CUST02407,Customer 2407,SMB,West,Bronze,2020-08-13
CUST04960,Customer 4960,Enterprise,South,Bronze,2020-10-24
CUST00075,Customer 0075,Consumer,South,Silver,2020-09-09
CUST03423,Customer 3423,Corporate,West,Silver,2021-04-20
CUST02821,Customer 2821,Corporate,North,Bronze,2018-11-10
CUST01163,Customer 1163,Consumer,West,Bronze,2019-05-10
CUST04021,Customer 4021,Enterprise,North,Gold,2015-08-18
CUST01841,Customer 1841,Corporate,North,Bronze,2024-03-26
CUST00658,Customer 0658,Enterprise,North,Bronze,2016-08-18
CUST04302,Customer 4302,Consumer,North,Gold,2021-06-26
CUST04411,Customer 4411,SMB,South,Bronze,2024-11-25
CUST00840,Customer 0840,Enterprise,West,Gold,2024-12-23
CUST02623,Customer 2623,Enterprise,West,Bronze,2016-10-03
CUST03446,Customer 3446,Corporate,North,Bronze,2018-06-30
CUST03667,Customer 3667,Enterprise,West,Gold,2022-12-25
CUST01487,Customer 1487,Corporate,East,Bronze,2018-01-21
CUST04016,Customer 4016,Corporate,South,Gold,2015-07-11
CUST01456,Customer 1456,Consumer,West,Silver,2019-02-16
CUST01207,Customer 1207,Enterprise,East,Bronze,2020-12-19
CUST04923,Customer 4923,Enterprise,East,Bronze,2021-03-07
CUST02751,Customer 2751,Enterprise,West,Platinum,2018-09-10
CUST00121,Customer 0121,Enterprise,North,Silver,2024-08-26
CUST01374,Customer 1374,Enterprise,South,Gold,2020-07-24
CUST00078,Customer 0078,Consumer,West,Bronze,2024-11-15
CUST02676,Customer 2676,Consumer,East,Gold,2021-06-01
CUST02594,Customer 2594,Enterprise,South,Gold,2017-08-12
CUST03007,Customer 3007,Consumer,South,Gold,2021-08-28
CUST01560,Customer 1560,SMB,West,Bronze,2022-09-22
CUST04070,Customer 4070,Enterprise,North,Bronze,2016-11-30
CUST03241,Customer 3241,Consumer,East,Bronze,2024-04-09
CUST01617,Customer 1617,SMB,North,Bronze,2024-10-19
CUST01909,Customer 1909,Enterprise,North,Silver,2018-02-20
CUST02288,Customer 2288,Consumer,South,Gold,2022-03-24
CUST01153,Customer 1153,Corporate,East,Silver,2019-05-17
CUST04970,Customer 4970,SMB,East,Bronze,2022-12-05
CUST03397,Customer 3397,Enterprise,South,Bronze,2021-01-01
CUST03854,Customer 3854,Consumer,East,Bronze,2015-12-21
CUST03886,Customer 3886,Consumer,East,Gold,2018-05-15
CUST03993,Customer 3993,Consumer,South,Bronze,2020-06-20
CUST03626,Customer 3626,Enterprise,East,Platinum,2018-05-01
CUST01611,Customer 1611,SMB,East,Platinum,2017-07-05
CUST04849,Customer 4849,Consumer,West,Bronze,2016-02-15
CUST01501,Customer 1501,Corporate,East,Silver,2024-11-11
CUST03009,Customer 3009,SMB,South,Bronze,2022-11-28
CUST00594,Customer 0594,SMB,East,Silver,2021-08-22
CUST00549,Customer 0549,Consumer,East,Bronze,2017-07-19
CUST01903,Customer 1903,Corporate,South,Bronze,2016-05-08
CUST02631,Customer 2631,Corporate,North,Bronze,2022-08-12
CUST03769,Customer 3769,Corporate,East,Bronze,2021-08-26
CUST00325,Customer 0325,SMB,East,Bronze,2017-07-14
CUST00653,Customer 0653,SMB,East,Silver,2020-04-09
CUST01111,Customer 1111,SMB,East,Bronze,2015-04-12
CUST04545,Customer 4545,Consumer,South,Bronze,2023-01-27
CUST00827,Customer 0827,Corporate,West,Bronze,2017-06-27
CUST03588,Customer 3588,Corporate,North,Platinum,2017-01-02
CUST01172,Customer 1172,SMB,North,Bronze,2021-08-12
CUST03629,Customer 3629,SMB,South,Bronze,2022-12-03
CUST02416,Customer 2416,Consumer,South,Bronze,2023-09-13
CUST01265,Customer 1265,Corporate,North,Platinum,2016-10-04
CUST00561,Customer 0561,Corporate,South,Gold,2018-08-05
CUST03290,Customer 3290,SMB,East,Silver,2019-07-09
CUST03394,Customer 3394,Enterprise,West,Bronze,2019-04-27
CUST02680,Customer 2680,Enterprise,West,Bronze,2017-05-20
CUST03668,Customer 3668,Corporate,West,Bronze,2016-05-11
CUST01106,Customer 1106,SMB,East,Bronze,2020-03-01
CUST02015,Customer 2015,Corporate,West,Silver,2017-07-06
CUST01722,Customer 1722,SMB,East,Bronze,2017-08-26
CUST01430,Customer 1430,Corporate,West,Silver,2019-02-05
CUST02057,Customer 2057,Enterprise,North,Bronze,2017-11-24
CUST03142,Customer 3142,Enterprise,West,Platinum,2016-05-13
CUST03888,Customer 3888,Enterprise,North,Bronze,2020-12-13
CUST00239,Customer 0239,Corporate,South,Silver,2017-01-23
CUST03503,Customer 3503,Consumer,West,Bronze,2020-08-28
CUST03819,Customer 3819,Corporate,South,Gold,2023-05-23
CUST01181,Customer 1181,Corporate,South,Bronze,2018-05-31
CUST03228,Customer 3228,SMB,East,Silver,2020-09-01
CUST02785,Customer 2785,SMB,North,Silver,2021-05-01
CUST04832,Customer 4832,Consumer,West,Bronze,2017-04-13
CUST00041,Customer 0041,Enterprise,North,Gold,2021-12-09
CUST04536,Customer 4536,Corporate,West,Gold,2022-04-20
CUST00145,Customer 0145,Enterprise,West,Bronze,2023-11-07
CUST03623,Customer 3623,Corporate,West,Gold,2016-06-22
CUST02711,Customer 2711,Enterprise,East,Bronze,2015-04-14
CUST02094,Customer 2094,SMB,South,Silver,2016-01-28
CUST01263,Customer 1263,Consumer,South,Bronze,2022-12-19
CUST00005,Customer 0005,Corporate,South,Gold,2016-03-18
CUST04443,Customer 4443,SMB,West,Bronze,2021-08-26
CUST03953,Customer 3953,Corporate,East,Silver,2019-12-20
CUST00525,Customer 0525,Consumer,North,Bronze,2022-08-05
CUST03420,Customer 3420,Consumer,North,Silver,2024-06-28
CUST01355,Customer 1355,Consumer,West,Bronze,2015-01-12
CUST02100,Customer 2100,Corporate,South,Bronze,2016-07-20
CUST04077,Customer 4077,Corporate,East,Bronze,2022-04-10
CUST03897,Customer 3897,SMB,South,Bronze,2019-07-19
CUST03798,Customer 3798,Corporate,East,Silver,2015-01-05
CUST02257,Customer 2257,SMB,West,Bronze,2018-11-26
CUST04332,Customer 4332,Enterprise,East,Bronze,2021-01-16
CUST01130,Customer 1130,Enterprise,West,Platinum,2021-06-23
CUST00030,Customer 0030,Consumer,North,Gold,2016-12-05
CUST02828,Customer 2828,Corporate,South,Gold,2022-11-13
CUST03522,Customer 3522,SMB,South,Gold,2015-12-25
CUST01187,Customer 1187,Enterprise,East,Bronze,2023-12-06
CUST02033,Customer 2033,Corporate,North,Silver,2021-03-19
CUST00336,Customer 0336,Consumer,West,Gold,2022-04-10
CUST04333,Customer 4333,SMB,East,Bronze,2018-11-27
CUST00147,Customer 0147,Corporate,South,Gold,2016-10-13
CUST00591,Customer 0591,SMB,North,Silver,2019-02-03
CUST04604,Customer 4604,SMB,North,Bronze,2022-12-30
CUST02432,Customer 2432,Enterprise,North,Bronze,2021-06-29
CUST01160,Customer 1160,SMB,South,Bronze,2024-03-08
CUST00746,Customer 0746,Corporate,West,Bronze,2020-03-16
CUST03584,Customer 3584,Consumer,West,Silver,2022-02-04
CUST02951,Customer 2951,Enterprise,South,Bronze,2022-05-31
CUST04669,Customer 4669,Corporate,West,Silver,2024-03-29
CUST01651,Customer 1651,Consumer,South,Bronze,2015-08-11
CUST04488,Customer 4488,SMB,North,Silver,2024-02-05
CUST04214,Customer 4214,SMB,South,Silver,2016-08-24
CUST01822,Customer 1822,Corporate,South,Bronze,2024-04-28
CUST01671,Customer 1671,Enterprise,South,Platinum,2020-03-17
CUST03638,Customer 3638,Corporate,North,Bronze,2015-10-14
CUST03305,Customer 3305,Corporate,West,Bronze,2019-05-09
CUST02849,Customer 2849,Corporate,East,Silver,2017-02-10
CUST03318,Customer 3318,SMB,West,Bronze,2019-02-22
CUST01281,Customer 1281,Enterprise,North,Silver,2021-10-06
CUST04106,Customer 4106,Consumer,South,Platinum,2015-08-06
CUST04238,Customer 4238,Consumer,South,Bronze,2015-06-22
CUST01720,Customer 1720,Consumer,South,Silver,2017-09-14
CUST04090,Customer 4090,SMB,West,Gold,2019-09-01
CUST03387,Customer 3387,SMB,South,Silver,2017-06-08
CUST03511,Customer 3511,Corporate,South,Bronze,2024-08-16
CUST04902,Customer 4902,Corporate,West,Bronze,2021-03-29
CUST00536,Customer 0536,Enterprise,West,Bronze,2024-11-05
CUST03557,Customer 3557,SMB,East,Silver,2024-11-01
CUST02363,Customer 2363,Enterprise,East,Silver,2015-11-26
CUST04986,Customer 4986,Enterprise,East,Bronze,2016-06-01
CUST01949,Customer 1949,SMB,East,Bronze,2018-08-28
CUST02644,Customer 2644,Enterprise,West,Bronze,2018-11-20
CUST03052,Customer 3052,Consumer,South,Gold,2017-12-17
CUST03451,Customer 3451,Corporate,East,Bronze,2019-10-13
CUST00415,Customer 0415,Consumer,South,Bronze,2018-04-11
CUST01642,Customer 1642,SMB,West,Bronze,2018-05-22
CUST01026,Customer 1026,Consumer,North,Silver,2023-01-09
CUST00422,Customer 0422,Consumer,North,Bronze,2016-11-01
CUST03482,Customer 3482,Consumer,South,Silver,2021-09-11
CUST03065,Customer 3065,Enterprise,East,Gold,2016-02-01
CUST02706,Customer 2706,Corporate,North,Silver,2022-05-19
CUST04698,Customer 4698,Enterprise,North,Silver,2023-05-22
CUST03815,Customer 3815,SMB,South,Bronze,2017-10-06
CUST00296,Customer 0296,Consumer,South,Bronze,2018-07-05
CUST00474,Customer 0474,Corporate,South,Silver,2017-05-12
CUST02323,Customer 2323,Enterprise,North,Bronze,2024-05-01
CUST02613,Customer 2613,Consumer,North,Bronze,2017-01-15
CUST02467,Customer 2467,Corporate,East,Bronze,2024-07-08
CUST04948,Customer 4948,Corporate,North,Platinum,2015-03-20
CUST01557,Customer 1557,Corporate,North,Bronze,2021-09-14
CUST02628,Customer 2628,Enterprise,West,Gold,2020-05-09
CUST02188,Customer 2188,Consumer,North,Bronze,2022-04-28
CUST02618,Customer 2618,Enterprise,West,Bronze,2022-02-05
CUST02444,Customer 2444,Enterprise,East,Silver,2022-03-17
CUST04109,Customer 4109,SMB,South,Bronze,2020-10-08
CUST02630,Customer 2630,Enterprise,West,Gold,2019-01-14
CUST02272,Customer 2272,SMB,West,Bronze,2018-01-10
CUST03942,Customer 3942,SMB,North,Bronze,2017-12-19
CUST01070,Customer 1070,SMB,West,Silver,2023-01-17
CUST02790,Customer 2790,Enterprise,East,Gold,2023-05-13
CUST00647,Customer 0647,SMB,West,Bronze,2022-06-07
CUST03196,Customer 3196,Enterprise,South,Bronze,2018-03-16
CUST02204,Customer 2204,Consumer,North,Bronze,2016-03-13
CUST01426,Customer 1426,SMB,East,Bronze,2017-04-10
CUST01600,Customer 1600,SMB,North,Gold,2023-05-31
CUST04179,Customer 4179,Enterprise,East,Silver,2016-05-26
CUST03542,Customer 3542,Corporate,West,Bronze,2017-12-25
CUST00867,Customer 0867,Enterprise,South,Bronze,2022-12-28
CUST04726,Customer 4726,Enterprise,North,Silver,2019-08-19
CUST00034,Customer 0034,Consumer,South,Silver,2022-12-29
CUST02648,Customer 2648,SMB,North,Bronze,2024-07-23
CUST04382,Customer 4382,Corporate,West,Bronze,2018-08-23
CUST04554,Customer 4554,Consumer,South,Silver,2024-06-27
CUST01836,Customer 1836,Enterprise,South,Gold,2016-12-22
CUST03239,Customer 3239,Corporate,East,Silver,2015-01-11
CUST02895,Customer 2895,Corporate,South,Gold,2021-01-23
CUST03875,Customer 3875,Corporate,East,Bronze,2016-04-09
CUST04794,Customer 4794,Consumer,East,Bronze,2016-09-17
CUST04926,Customer 4926,Corporate,North,Silver,2019-11-19
CUST04692,Customer 4692,Consumer,West,Bronze,2023-04-10
CUST02942,Customer 2942,Enterprise,East,Bronze,2021-08-21
CUST04887,Customer 4887,Corporate,East,Bronze,2017-05-28
CUST00461,Customer 0461,Enterprise,East,Gold,2022-10-26
CUST04417,Customer 4417,SMB,East,Bronze,2016-02-18
CUST02583,Customer 2583,Corporate,North,Bronze,2016-07-18
CUST02647,Customer 2647,Enterprise,East,Silver,2015-08-22
CUST02442,Customer 2442,Corporate,North,Bronze,2016-05-09
CUST00508,Customer 0508,Consumer,West,Gold,2021-09-10
CUST01087,Customer 1087,Corporate,North,Silver,2024-06-04
CUST02205,Customer 2205,SMB,West,Bronze,2018-12-14
CUST01566,Customer 1566,Consumer,West,Bronze,2019-11-17
CUST01962,Customer 1962,Corporate,North,Silver,2021-10-29
CUST02668,Customer 2668,Enterprise,North,Silver,2020-06-19
CUST03933,Customer 3933,Consumer,West,Silver,2017-02-20
CUST00201,Customer 0201,SMB,South,Silver,2017-01-12
CUST02167,Customer 2167,Consumer,West,Bronze,2020-08-24
CUST04177,Customer 4177,Corporate,South,Bronze,2018-03-11
CUST02070,Customer 2070,Corporate,East,Silver,2017-11-05
CUST00234,Customer 0234,SMB,North,Bronze,2020-12-31
CUST04121,Customer 4121,Enterprise,South,Bronze,2020-01-03
CUST02891,Customer 2891,SMB,North,Bronze,2021-01-06
CUST04081,Customer 4081,Consumer,East,Silver,2022-06-25
CUST03537,Customer 3537,Enterprise,East,Gold,2019-08-04
CUST04461,Customer 4461,Corporate,East,Gold,2022-08-06
CUST02632,Customer 2632,Corporate,North,Platinum,2015-10-13
CUST02521,Customer 2521,Enterprise,South,Bronze,2021-04-05
CUST01012,Customer 1012,SMB,South,Silver,2019-07-29
CUST02645,Customer 2645,Enterprise,South,Silver,2022-06-24
CUST04352,Customer 4352,Enterprise,East,Platinum,2019-07-04
CUST02945,Customer 2945,Consumer,West,Bronze,2015-10-28
CUST04306,Customer 4306,SMB,East,Silver,2023-04-07
CUST04841,Customer 4841,Consumer,East,Bronze,2017-12-16
CUST01553,Customer 1553,Enterprise,West,Silver,2015-11-13
CUST01450,Customer 1450,Corporate,North,Bronze,2021-03-24
CUST02705,Customer 2705,Consumer,North,Silver,2016-08-22
CUST04353,Customer 4353,Corporate,West,Bronze,2016-10-16
CUST01946,Customer 1946,Corporate,North,Silver,2022-04-24
CUST04648,Customer 4648,Corporate,South,Platinum,2024-01-04
CUST03219,Customer 3219,SMB,North,Silver,2020-07-31
CUST01572,Customer 1572,Consumer,West,Gold,2021-12-17
CUST00928,Customer 0928,Enterprise,West,Bronze,2020-02-19
CUST02485,Customer 2485,Consumer,North,Bronze,2015-01-17
CUST02553,Customer 2553,Consumer,South,Bronze,2023-05-25
CUST03234,Customer 3234,SMB,West,Silver,2015-11-16
CUST01831,Customer 1831,Consumer,West,Silver,2017-07-04
CUST03608,Customer 3608,SMB,East,Bronze,2021-11-24
CUST03173,Customer 3173,Enterprise,South,Silver,2017-07-27
CUST04758,Customer 4758,Consumer,South,Platinum,2022-03-24
CUST03147,Customer 3147,Corporate,South,Bronze,2019-01-18
CUST04547,Customer 4547,Corporate,East,Bronze,2017-05-22
CUST02301,Customer 2301,SMB,South,Bronze,2018-04-13
CUST00551,Customer 0551,Enterprise,North,Bronze,2015-06-13
CUST02908,Customer 2908,Consumer,North,Bronze,2021-07-10
CUST03806,Customer 3806,Enterprise,West,Silver,2020-09-14
CUST01347,Customer 1347,Consumer,North,Gold,2018-06-07
CUST02701,Customer 2701,Corporate,West,Bronze,2015-06-03
CUST03504,Customer 3504,Consumer,South,Silver,2017-05-07
CUST00290,Customer 0290,Consumer,East,Silver,2022-03-07
CUST00874,Customer 0874,Enterprise,North,Platinum,2019-08-20
CUST03174,Customer 3174,Enterprise,West,Bronze,2020-04-06
CUST02725,Customer 2725,Enterprise,South,Silver,2018-03-22
CUST01684,Customer 1684,Corporate,West,Gold,2024-08-08
CUST00102,Customer 0102,Enterprise,North,Bronze,2019-06-28
CUST01474,Customer 1474,Corporate,East,Silver,2016-05-28
CUST04981,Customer 4981,Corporate,West,Silver,2023-10-04
CUST02669,Customer 2669,SMB,North,Bronze,2021-04-02
CUST04187,Customer 4187,SMB,West,Gold,2019-07-25
CUST02189,Customer 2189,Corporate,West,Gold,2021-02-16
CUST03441,Customer 3441,Consumer,North,Bronze,2023-10-23
CUST04067,Customer 4067,Consumer,North,Bronze,2017-06-11
CUST00084,Customer 0084,Enterprise,North,Silver,2016-08-02
CUST04422,Customer 4422,Enterprise,South,Platinum,2020-04-22
CUST01610,Customer 1610,Enterprise,North,Silver,2022-07-09
CUST00491,Customer 0491,Consumer,West,Bronze,2023-05-28
CUST02250,Customer 2250,Corporate,East,Silver,2020-12-02
CUST00227,Customer 0227,SMB,North,Silver,2018-05-03
CUST03694,Customer 3694,SMB,East,Silver,2020-04-11
CUST02580,Customer 2580,Enterprise,West,Bronze,2020-11-28
CUST04195,Customer 4195,Consumer,North,Bronze,2016-09-23
CUST01924,Customer 1924,Corporate,West,Gold,2020-02-06
CUST04206,Customer 4206,Enterprise,West,Silver,2019-08-10
CUST00175,Customer 0175,SMB,West,Bronze,2024-11-05
CUST00458,Customer 0458,Consumer,South,Bronze,2015-11-26
CUST04615,Customer 4615,SMB,West,Silver,2022-12-10
CUST03312,Customer 3312,Corporate,East,Bronze,2022-11-09
CUST04861,Customer 4861,Consumer,North,Bronze,2015-05-09
CUST01405,Customer 1405,Corporate,North,Silver,2021-03-15
CUST01632,Customer 1632,Consumer,East,Silver,2018-10-04
CUST03224,Customer 3224,Enterprise,North,Bronze,2021-11-05
CUST01848,Customer 1848,Corporate,East,Platinum,2019-04-14
CUST03162,Customer 3162,Enterprise,South,Bronze,2020-02-21
CUST02265,Customer 2265,Enterprise,East,Silver,2022-10-12
CUST03030,Customer 3030,Enterprise,South,Bronze,2019-10-12
CUST02125,Customer 2125,Enterprise,North,Bronze,2022-11-29
CUST00414,Customer 0414,SMB,South,Platinum,2021-09-16
CUST03877,Customer 3877,Corporate,North,Bronze,2017-05-23
CUST03507,Customer 3507,Enterprise,North,Silver,2016-04-16
CUST00914,Customer 0914,SMB,West,Silver,2018-09-01
CUST01561,Customer 1561,Consumer,East,Bronze,2019-04-07
CUST04064,Customer 4064,Corporate,East,Platinum,2019-02-26
CUST03152,Customer 3152,Enterprise,North,Gold,2022-08-15
CUST02196,Customer 2196,SMB,West,Bronze,2019-09-29
CUST02026,Customer 2026,Consumer,South,Bronze,2019-09-21
CUST04126,Customer 4126,Enterprise,North,Silver,2021-03-20
CUST01729,Customer 1729,SMB,South,Bronze,2021-10-31
CUST01392,Customer 1392,Enterprise,West,Silver,2016-08-14
CUST00820,Customer 0820,Corporate,North,Bronze,2022-05-13
CUST04138,Customer 4138,SMB,East,Bronze,2023-03-29
CUST03163,Customer 3163,Consumer,East,Gold,2015-12-29
CUST04577,Customer 4577,Corporate,West,Bronze,2017-09-07
CUST03641,Customer 3641,Consumer,North,Gold,2022-11-09
CUST01788,Customer 1788,SMB,East,Gold,2024-12-29
CUST02329,Customer 2329,Corporate,East,Bronze,2016-12-15
CUST03004,Customer 3004,Enterprise,East,Bronze,2015-01-21
CUST01634,Customer 1634,Consumer,North,Bronze,2024-12-04
CUST02625,Customer 2625,Enterprise,South,Bronze,2024-06-01
CUST02811,Customer 2811,SMB,East,Silver,2017-03-08
CUST04599,Customer 4599,Corporate,North,Bronze,2023-09-27
CUST04022,Customer 4022,SMB,North,Platinum,2020-05-24
CUST01837,Customer 1837,SMB,East,Silver,2023-07-05
CUST04231,Customer 4231,SMB,South,Gold,2016-03-24
CUST02522,Customer 2522,Corporate,North,Gold,2019-01-20
CUST02396,Customer 2396,SMB,North,Bronze,2019-08-26
CUST02091,Customer 2091,Enterprise,South,Platinum,2021-08-17
CUST03577,Customer 3577,Enterprise,East,Bronze,2016-06-29
CUST02469,Customer 2469,SMB,South,Gold,2017-08-05
CUST02999,Customer 2999,Corporate,East,Bronze,2022-11-05
CUST02487,Customer 2487,Corporate,North,Silver,2020-01-27
CUST00016,Customer 0016,Enterprise,North,Bronze,2016-10-07
CUST03868,Customer 3868,Consumer,East,Silver,2023-02-05
CUST01868,Customer 1868,SMB,East,Bronze,2022-05-16
CUST01668,Customer 1668,Enterprise,West,Platinum,2015-05-15
CUST04360,Customer 4360,Corporate,North,Bronze,2022-05-26
CUST02358,Customer 2358,Enterprise,South,Bronze,2016-05-05
CUST00138,Customer 0138,Enterprise,East,Gold,2020-10-06
CUST04543,Customer 4543,Corporate,East,Silver,2022-04-12
CUST01486,Customer 1486,Enterprise,South,Bronze,2015-06-20
CUST03126,Customer 3126,SMB,West,Bronze,2019-09-12
CUST00511,Customer 0511,SMB,South,Silver,2017-09-07
CUST03851,Customer 3851,Enterprise,East,Bronze,2015-05-25
CUST01718,Customer 1718,SMB,West,Silver,2016-02-15
CUST02658,Customer 2658,SMB,North,Platinum,2015-08-12
CUST00786,Customer 0786,Enterprise,West,Silver,2023-03-21
CUST03520,Customer 3520,SMB,North,Bronze,2016-07-30
CUST03424,Customer 3424,Enterprise,West,Bronze,2019-02-16
CUST02133,Customer 2133,Consumer,West,Silver,2017-09-21
CUST04867,Customer 4867,SMB,East,Silver,2018-07-08
CUST00500,Customer 0500,Consumer,West,Platinum,2021-11-28
CUST02028,Customer 2028,Enterprise,South,Gold,2015-08-20
CUST04593,Customer 4593,Enterprise,West,Silver,2023-01-14
CUST00046,Customer 0046,Consumer,East,Bronze,2021-09-18
CUST04148,Customer 4148,SMB,East,Bronze,2020-09-03
CUST01075,Customer 1075,Consumer,East,Gold,2023-09-07
CUST04345,Customer 4345,Corporate,North,Bronze,2020-04-24
CUST02437,Customer 2437,Consumer,West,Gold,2023-06-03
CUST02917,Customer 2917,Consumer,West,Bronze,2021-08-23
CUST00663,Customer 0663,SMB,South,Bronze,2015-09-18
CUST00568,Customer 0568,Corporate,West,Silver,2018-03-23
CUST04715,Customer 4715,SMB,North,Silver,2017-03-29
CUST00949,Customer 0949,Corporate,West,Bronze,2022-11-22
CUST02776,Customer 2776,Consumer,West,Bronze,2023-05-13
CUST02350,Customer 2350,Enterprise,North,Bronze,2021-12-23
CUST01361,Customer 1361,Enterprise,West,Bronze,2024-02-18
CUST01852,Customer 1852,SMB,West,Silver,2022-07-03
CUST02127,Customer 2127,Consumer,North,Gold,2020-02-22
CUST02387,Customer 2387,Corporate,South,Silver,2020-05-28
CUST02284,Customer 2284,Corporate,South,Silver,2023-06-05
CUST03192,Customer 3192,Enterprise,East,Gold,2023-09-12
CUST02022,Customer 2022,Consumer,North,Bronze,2017-04-28
CUST04415,Customer 4415,Enterprise,South,Bronze,2019-02-28
CUST04340,Customer 4340,Consumer,North,Platinum,2018-08-02
CUST01327,Customer 1327,Corporate,West,Silver,2021-05-24
CUST02562,Customer 2562,Enterprise,South,Gold,2017-12-03
CUST00725,Customer 0725,Enterprise,East,Bronze,2021-12-09
CUST00711,Customer 0711,Consumer,East,Silver,2019-11-07
CUST01838,Customer 1838,SMB,North,Silver,2022-05-25
CUST03283,Customer 3283,Corporate,North,Silver,2022-09-17
CUST04396,Customer 4396,Consumer,South,Bronze,2020-05-15
CUST03765,Customer 3765,Enterprise,South,Bronze,2019-06-12
CUST01581,Customer 1581,Corporate,South,Silver,2023-07-09
CUST02131,Customer 2131,Enterprise,North,Gold,2015-10-08
CUST03226,Customer 3226,Enterprise,East,Silver,2018-08-19
CUST02681,Customer 2681,Consumer,East,Gold,2018-08-26
CUST04402,Customer 4402,SMB,South,Silver,2018-09-19
CUST01544,Customer 1544,Corporate,North,Bronze,2018-03-30
CUST04571,Customer 4571,Enterprise,West,Silver,2016-08-17
CUST01719,Customer 1719,SMB,South,Bronze,2024-12-25
CUST02511,Customer 2511,Consumer,East,Bronze,2017-06-24
CUST02085,Customer 2085,Corporate,East,Bronze,2023-08-02
CUST04288,Customer 4288,Enterprise,West,Bronze,2016-08-14
CUST01754,Customer 1754,Enterprise,West,Silver,2024-06-22
CUST04772,Customer 4772,Consumer,West,Platinum,2024-02-16
CUST00210,Customer 0210,SMB,South,Silver,2019-09-18
CUST04473,Customer 4473,Consumer,East,Gold,2022-02-08
CUST04735,Customer 4735,SMB,North,Bronze,2019-06-05
CUST03755,Customer 3755,Corporate,North,Bronze,2018-06-16
CUST03635,Customer 3635,Enterprise,North,Silver,2023-10-14
CUST02062,Customer 2062,Consumer,North,Silver,2015-04-18
CUST02689,Customer 2689,Consumer,East,Silver,2018-05-25
CUST03211,Customer 3211,Enterprise,East,Silver,2017-12-17
CUST02459,Customer 2459,Enterprise,South,Gold,2017-01-07
CUST03998,Customer 3998,Enterprise,North,Bronze,2018-05-11
CUST01258,Customer 1258,Enterprise,East,Silver,2021-02-23
CUST03034,Customer 3034,Consumer,South,Gold,2020-11-09
CUST01182,Customer 1182,Consumer,East,Silver,2021-12-05
CUST02343,Customer 2343,Consumer,East,Bronze,2015-06-08
CUST01306,Customer 1306,Consumer,West,Gold,2024-01-19
CUST01192,Customer 1192,Enterprise,West,Bronze,2016-08-16
CUST02165,Customer 2165,Consumer,West,Bronze,2022-08-06
CUST01159,Customer 1159,Enterprise,East,Silver,2021-09-11
CUST02931,Customer 2931,Consumer,North,Gold,2022-11-22
CUST04329,Customer 4329,Consumer,West,Bronze,2017-09-17
CUST01394,Customer 1394,Consumer,South,Gold,2017-11-19
CUST01695,Customer 1695,Consumer,West,Bronze,2020-04-02
CUST03735,Customer 3735,SMB,East,Silver,2019-12-23
CUST00807,Customer 0807,Consumer,West,Silver,2023-02-21
CUST03473,Customer 3473,Enterprise,North,Bronze,2018-12-20
CUST04309,Customer 4309,SMB,West,Silver,2020-01-14
CUST03612,Customer 3612,Corporate,South,Gold,2023-06-07
CUST03926,Customer 3926,Enterprise,South,Silver,2015-12-25
CUST00271,Customer 0271,SMB,South,Bronze,2023-10-22
CUST03011,Customer 3011,Consumer,North,Bronze,2015-08-08
CUST02517,Customer 2517,Consumer,North,Bronze,2023-10-25
CUST04590,Customer 4590,SMB,South,Bronze,2024-01-18
CUST01174,Customer 1174,SMB,South,Bronze,2021-05-11
CUST03038,Customer 3038,Corporate,South,Gold,2023-04-19
CUST00242,Customer 0242,Corporate,West,Bronze,2016-10-05
CUST03734,Customer 3734,Consumer,South,Bronze,2024-01-21
CUST02970,Customer 2970,Consumer,West,Gold,2018-11-24
CUST03717,Customer 3717,Corporate,South,Bronze,2018-11-09
CUST02120,Customer 2120,Corporate,North,Platinum,2019-09-16
CUST00437,Customer 0437,SMB,North,Silver,2021-02-03
CUST04653,Customer 4653,SMB,East,Silver,2017-05-03
CUST02756,Customer 2756,SMB,East,Bronze,2017-01-31
CUST03698,Customer 3698,Enterprise,East,Silver,2016-12-20
CUST03198,Customer 3198,Enterprise,North,Gold,2020-04-23
CUST02656,Customer 2656,Corporate,North,Silver,2021-06-02
CUST04054,Customer 4054,Corporate,South,Bronze,2016-03-15
CUST03976,Customer 3976,SMB,East,Gold,2016-01-20
CUST02383,Customer 2383,Consumer,East,Platinum,2022-11-22
CUST02702,Customer 2702,Enterprise,South,Bronze,2023-10-12
CUST03029,Customer 3029,SMB,South,Silver,2023-01-18
CUST03587,Customer 3587,Corporate,West,Silver,2024-03-31
CUST04166,Customer 4166,Enterprise,West,Silver,2017-11-21
CUST01078,Customer 1078,Corporate,South,Bronze,2021-01-12
CUST04271,Customer 4271,SMB,East,Silver,2021-04-17
CUST03094,Customer 3094,Corporate,West,Bronze,2021-06-23
CUST02796,Customer 2796,Corporate,South,Silver,2022-07-14
CUST04334,Customer 4334,Corporate,South,Bronze,2020-03-13
CUST00060,Customer 0060,Corporate,West,Gold,2021-01-21
CUST02724,Customer 2724,SMB,West,Bronze,2021-12-08
CUST00704,Customer 0704,Corporate,West,Silver,2022-12-23
CUST04146,Customer 4146,Corporate,East,Bronze,2024-12-14
CUST02402,Customer 2402,Corporate,East,Bronze,2017-09-24
CUST01056,Customer 1056,SMB,West,Platinum,2024-04-20
CUST02930,Customer 2930,Consumer,East,Silver,2018-01-03
CUST00464,Customer 0464,Enterprise,South,Silver,2024-06-06
CUST04259,Customer 4259,SMB,East,Silver,2022-02-22
CUST01413,Customer 1413,Corporate,South,Silver,2024-04-26
CUST01290,Customer 1290,Enterprise,South,Silver,2022-12-05
CUST03892,Customer 3892,SMB,South,Bronze,2023-01-20
CUST04144,Customer 4144,Consumer,East,Silver,2023-10-24
CUST04934,Customer 4934,SMB,North,Bronze,2020-01-21
CUST02737,Customer 2737,Corporate,West,Silver,2016-09-29
CUST01391,Customer 1391,Enterprise,East,Silver,2021-12-13
CUST03621,Customer 3621,Consumer,East,Gold,2023-09-15
CUST00580,Customer 0580,Consumer,North,Bronze,2024-06-03
CUST04056,Customer 4056,Enterprise,East,Silver,2023-11-07
CUST01387,Customer 1387,Enterprise,South,Silver,2017-09-18
CUST02464,Customer 2464,SMB,East,Gold,2017-08-07
CUST00510,Customer 0510,Consumer,West,Bronze,2020-06-12
CUST00358,Customer 0358,Enterprise,East,Bronze,2024-04-25
CUST01494,Customer 1494,Consumer,South,Gold,2020-04-23
CUST04922,Customer 4922,Enterprise,East,Bronze,2022-02-04
CUST03194,Customer 3194,Enterprise,North,Bronze,2018-04-22
CUST00344,Customer 0344,SMB,North,Silver,2019-03-09
CUST02395,Customer 2395,Consumer,East,Bronze,2019-11-16
CUST02569,Customer 2569,Consumer,North,Bronze,2016-05-31
CUST00021,Customer 0021,Corporate,West,Bronze,2021-01-03
CUST02492,Customer 2492,Corporate,East,Silver,2021-03-01
CUST03545,Customer 3545,Consumer,West,Silver,2020-12-18
CUST04980,Customer 4980,Corporate,South,Platinum,2015-08-27
CUST02473,Customer 2473,Corporate,North,Bronze,2018-01-26
CUST00557,Customer 0557,Enterprise,North,Bronze,2018-01-30
CUST02996,Customer 2996,SMB,East,Silver,2020-12-13
CUST04305,Customer 4305,Consumer,West,Platinum,2022-06-17
CUST00335,Customer 0335,Consumer,South,Bronze,2024-09-18
CUST03859,Customer 3859,Enterprise,East,Gold,2021-03-26
CUST04763,Customer 4763,Enterprise,East,Bronze,2021-04-14
CUST00457,Customer 0457,Consumer,East,Gold,2023-04-23
CUST03128,Customer 3128,Corporate,West,Silver,2022-09-17
CUST01049,Customer 1049,SMB,North,Bronze,2015-09-29
CUST01965,Customer 1965,Corporate,South,Silver,2022-11-28
CUST03086,Customer 3086,Consumer,North,Bronze,2020-12-15
CUST02086,Customer 2086,Corporate,North,Silver,2023-07-21
CUST02606,Customer 2606,Corporate,West,Bronze,2022-02-23
CUST01270,Customer 1270,SMB,East,Gold,2017-07-13
CUST01208,Customer 1208,SMB,North,Gold,2020-11-24
CUST01028,Customer 1028,SMB,South,Bronze,2020-10-27
CUST04049,Customer 4049,SMB,North,Bronze,2022-02-22
CUST04444,Customer 4444,Enterprise,North,Gold,2017-10-06
CUST00436,Customer 0436,Enterprise,East,Bronze,2022-07-10
CUST01434,Customer 1434,Corporate,West,Gold,2024-09-04
CUST03981,Customer 3981,Consumer,North,Silver,2017-07-28
CUST04664,Customer 4664,Enterprise,East,Bronze,2019-10-20
CUST00866,Customer 0866,SMB,North,Bronze,2023-10-30
CUST03390,Customer 3390,Corporate,South,Gold,2018-07-13
CUST04890,Customer 4890,SMB,North,Bronze,2019-01-27
CUST00420,Customer 0420,SMB,North,Bronze,2019-01-03
CUST04292,Customer 4292,Enterprise,West,Bronze,2015-07-09
CUST00389,Customer 0389,Corporate,South,Silver,2021-10-01
CUST03889,Customer 3889,Enterprise,North,Platinum,2016-06-27
CUST02259,Customer 2259,Enterprise,East,Platinum,2015-09-17
CUST00681,Customer 0681,SMB,North,Bronze,2018-08-19
CUST01282,Customer 1282,Consumer,South,Bronze,2020-11-16
CUST02962,Customer 2962,Corporate,South,Gold,2016-07-18
CUST03646,Customer 3646,SMB,West,Silver,2019-01-22
CUST02667,Customer 2667,Consumer,West,Bronze,2019-02-19
CUST02675,Customer 2675,Corporate,East,Silver,2018-06-17
CUST00915,Customer 0915,Enterprise,North,Silver,2021-07-24
CUST02179,Customer 2179,Corporate,South,Gold,2018-08-12
CUST01860,Customer 1860,Corporate,East,Silver,2022-03-25
CUST01144,Customer 1144,Enterprise,West,Silver,2021-06-06
CUST04780,Customer 4780,Enterprise,North,Bronze,2019-11-02
CUST00619,Customer 0619,Consumer,East,Bronze,2024-11-07
CUST01647,Customer 1647,SMB,South,Bronze,2020-08-29
CUST04208,Customer 4208,Enterprise,North,Bronze,2022-06-23
CUST02983,Customer 2983,SMB,East,Silver,2017-03-27
CUST00723,Customer 0723,Consumer,South,Bronze,2016-11-02
CUST02493,Customer 2493,Corporate,North,Silver,2017-08-24
CUST03547,Customer 3547,Consumer,West,Silver,2017-02-20
CUST03928,Customer 3928,Corporate,West,Bronze,2023-08-13
CUST04989,Customer 4989,Enterprise,North,Bronze,2017-01-25
CUST02441,Customer 2441,Corporate,West,Platinum,2017-05-28
CUST00073,Customer 0073,Corporate,West,Silver,2021-03-13
CUST01313,Customer 1313,Corporate,West,Bronze,2018-05-01
CUST01601,Customer 1601,Enterprise,West,Bronze,2015-08-29
CUST00588,Customer 0588,Enterprise,East,Bronze,2018-06-19
CUST04095,Customer 4095,SMB,South,Bronze,2018-05-24
CUST03161,Customer 3161,Corporate,East,Silver,2017-12-12
CUST03355,Customer 3355,Enterprise,South,Silver,2024-01-19
CUST00611,Customer 0611,SMB,South,Silver,2021-11-06
CUST00713,Customer 0713,Enterprise,West,Silver,2023-11-07
CUST03118,Customer 3118,Corporate,South,Bronze,2019-01-17
CUST00612,Customer 0612,Corporate,South,Silver,2024-10-09
CUST00132,Customer 0132,Enterprise,South,Bronze,2016-09-04
CUST01435,Customer 1435,Consumer,West,Bronze,2017-01-01
CUST03298,Customer 3298,Enterprise,South,Bronze,2020-02-03
CUST02984,Customer 2984,SMB,East,Gold,2022-02-18
CUST00398,Customer 0398,Consumer,South,Bronze,2024-03-22
CUST00603,Customer 0603,Consumer,West,Silver,2024-12-17
CUST02227,Customer 2227,Enterprise,West,Bronze,2023-03-21
CUST04236,Customer 4236,Consumer,East,Bronze,2021-11-05
CUST01431,Customer 1431,Corporate,West,Bronze,2024-12-13
CUST00837,Customer 0837,Consumer,South,Silver,2024-09-08
CUST03671,Customer 3671,SMB,South,Bronze,2019-11-08
CUST01288,Customer 1288,Enterprise,North,Gold,2015-09-17
CUST02657,Customer 2657,Enterprise,East,Bronze,2017-03-10
CUST03275,Customer 3275,Corporate,West,Silver,2019-04-24
CUST00703,Customer 0703,Consumer,South,Gold,2020-11-30
CUST03777,Customer 3777,Enterprise,South,Bronze,2017-11-13
CUST03471,Customer 3471,Consumer,South,Bronze,2015-11-03
CUST02710,Customer 2710,Enterprise,West,Bronze,2016-12-08
CUST00684,Customer 0684,Corporate,North,Bronze,2023-03-13
CUST00244,Customer 0244,Corporate,North,Silver,2020-06-13
CUST02286,Customer 2286,Enterprise,North,Silver,2023-11-01
CUST01274,Customer 1274,Consumer,West,Gold,2021-10-16
CUST03753,Customer 3753,Corporate,East,Silver,2016-02-29
CUST00958,Customer 0958,SMB,West,Bronze,2017-11-18
CUST03222,Customer 3222,Enterprise,North,Silver,2016-12-25
CUST03827,Customer 3827,Enterprise,North,Bronze,2019-08-21
CUST03109,Customer 3109,SMB,West,Silver,2016-04-20
CUST01107,Customer 1107,SMB,West,Silver,2019-12-27
CUST03576,Customer 3576,Enterprise,North,Bronze,2023-10-31
CUST03678,Customer 3678,SMB,North,Bronze,2017-04-15
CUST01384,Customer 1384,Corporate,North,Silver,2021-07-13
CUST01102,Customer 1102,Consumer,West,Bronze,2017-09-01
CUST04091,Customer 4091,Enterprise,North,Bronze,2016-10-22
CUST02222,Customer 2222,Consumer,South,Bronze,2015-08-30
CUST01051,Customer 1051,SMB,East,Bronze,2024-05-05
CUST00061,Customer 0061,Enterprise,North,Silver,2015-03-29
CUST02400,Customer 2400,SMB,West,Bronze,2015-10-01
CUST03957,Customer 3957,Consumer,West,Bronze,2015-08-30
CUST00383,Customer 0383,Corporate,North,Gold,2024-02-11
CUST01977,Customer 1977,Corporate,North,Silver,2020-11-13
CUST04308,Customer 4308,Consumer,South,Bronze,2020-07-07
CUST00212,Customer 0212,Enterprise,West,Bronze,2017-04-07
CUST00328,Customer 0328,Enterprise,East,Silver,2018-08-09
CUST00644,Customer 0644,Corporate,West,Silver,2024-02-04
CUST02670,Customer 2670,SMB,South,Silver,2021-11-13
CUST00270,Customer 0270,Consumer,North,Silver,2020-01-08
CUST02217,Customer 2217,SMB,North,Silver,2015-05-25
CUST01053,Customer 1053,SMB,South,Bronze,2023-10-17
CUST01569,Customer 1569,SMB,South,Bronze,2018-06-04
CUST02671,Customer 2671,SMB,North,Bronze,2016-08-03
CUST03055,Customer 3055,SMB,South,Gold,2021-02-27
CUST01360,Customer 1360,Corporate,West,Gold,2018-05-15
CUST02935,Customer 2935,Enterprise,North,Gold,2015-03-16
CUST00646,Customer 0646,Consumer,West,Gold,2016-08-21
CUST03216,Customer 3216,Corporate,East,Silver,2019-04-21
CUST00765,Customer 0765,SMB,West,Bronze,2016-01-08
CUST00987,Customer 0987,SMB,South,Bronze,2018-08-04
CUST01824,Customer 1824,SMB,South,Silver,2020-09-28
CUST03383,Customer 3383,Corporate,South,Bronze,2016-08-06
CUST02568,Customer 2568,Corporate,North,Silver,2022-07-21
CUST02149,Customer 2149,Corporate,East,Bronze,2021-06-11
CUST03370,Customer 3370,Enterprise,North,Silver,2022-08-10
CUST04062,Customer 4062,Enterprise,North,Silver,2024-05-31
CUST04168,Customer 4168,Enterprise,South,Bronze,2020-03-15
CUST03037,Customer 3037,Corporate,South,Silver,2023-12-02
CUST04621,Customer 4621,Consumer,East,Silver,2021-08-09
CUST03362,Customer 3362,Enterprise,East,Bronze,2017-08-28
CUST04344,Customer 4344,Corporate,East,Silver,2016-03-19
CUST03853,Customer 3853,SMB,West,Bronze,2016-04-19
CUST03963,Customer 3963,Corporate,East,Platinum,2023-12-26
CUST02216,Customer 2216,SMB,West,Bronze,2024-05-07
CUST00093,Customer 0093,Consumer,North,Bronze,2021-10-22
CUST04383,Customer 4383,Enterprise,South,Silver,2022-07-17
CUST04579,Customer 4579,Corporate,North,Silver,2018-07-23
CUST04300,Customer 4300,Corporate,East,Bronze,2019-11-13
CUST02975,Customer 2975,Enterprise,North,Silver,2018-02-15
CUST01493,Customer 1493,Consumer,South,Bronze,2020-08-15
CUST03703,Customer 3703,SMB,South,Bronze,2022-05-01
CUST00910,Customer 0910,Consumer,West,Bronze,2023-02-27
CUST04220,Customer 4220,Enterprise,West,Silver,2020-11-16
CUST00100,Customer 0100,Consumer,South,Silver,2021-05-01
CUST01856,Customer 1856,Corporate,North,Bronze,2021-07-14
CUST03185,Customer 3185,Enterprise,West,Bronze,2018-06-04
CUST04324,Customer 4324,SMB,South,Silver,2022-10-01
CUST04194,Customer 4194,Consumer,West,Bronze,2015-11-24
CUST03732,Customer 3732,Enterprise,South,Bronze,2018-07-29
CUST02910,Customer 2910,SMB,South,Silver,2020-06-14
CUST00513,Customer 0513,Corporate,South,Bronze,2022-08-25
CUST04448,Customer 4448,Consumer,South,Silver,2018-09-29
CUST00469,Customer 0469,Enterprise,West,Gold,2023-08-08
CUST01137,Customer 1137,Corporate,North,Silver,2022-02-01
CUST00578,Customer 0578,Enterprise,South,Silver,2019-06-15
CUST02659,Customer 2659,Consumer,West,Bronze,2015-09-20
CUST01331,Customer 1331,Enterprise,South,Bronze,2016-03-02
CUST02649,Customer 2649,Consumer,West,Platinum,2023-12-03
CUST03890,Customer 3890,Consumer,South,Bronze,2021-01-25
CUST01311,Customer 1311,Consumer,West,Silver,2023-12-21
CUST03614,Customer 3614,Consumer,East,Silver,2020-04-11
CUST03135,Customer 3135,SMB,South,Bronze,2024-09-23
CUST02769,Customer 2769,Enterprise,West,Gold,2018-12-31
CUST03980,Customer 3980,Enterprise,North,Bronze,2019-12-22
CUST01197,Customer 1197,Corporate,North,Silver,2017-05-28
CUST03872,Customer 3872,Corporate,East,Silver,2021-11-13
CUST03269,Customer 3269,Enterprise,West,Silver,2023-05-01
CUST00576,Customer 0576,Consumer,East,Silver,2015-07-11
CUST02456,Customer 2456,Consumer,North,Bronze,2023-08-14
CUST04761,Customer 4761,SMB,South,Silver,2020-05-31
CUST03012,Customer 3012,Enterprise,South,Bronze,2016-09-06
CUST04314,Customer 4314,Corporate,North,Bronze,2020-03-17
CUST02581,Customer 2581,SMB,North,Gold,2020-07-15
CUST04063,Customer 4063,SMB,East,Silver,2017-09-28
CUST01537,Customer 1537,Corporate,North,Bronze,2023-05-27
CUST01234,Customer 1234,Enterprise,South,Silver,2024-10-24
CUST04390,Customer 4390,Enterprise,East,Silver,2019-06-28
CUST00678,Customer 0678,Consumer,West,Bronze,2023-11-28
CUST04321,Customer 4321,Enterprise,South,Bronze,2017-03-02
CUST01915,Customer 1915,SMB,North,Bronze,2021-02-08
CUST04216,Customer 4216,Corporate,South,Silver,2015-07-27
CUST04974,Customer 4974,Corporate,West,Gold,2018-06-08
CUST02695,Customer 2695,SMB,South,Bronze,2020-10-23
CUST02307,Customer 2307,SMB,North,Gold,2024-01-21
CUST01803,Customer 1803,SMB,North,Bronze,2021-07-07
CUST04399,Customer 4399,SMB,South,Gold,2024-07-26
CUST04979,Customer 4979,Consumer,West,Silver,2021-12-19
CUST01721,Customer 1721,Corporate,North,Bronze,2020-01-23
CUST00066,Customer 0066,Corporate,North,Bronze,2021-11-28
CUST02087,Customer 2087,Consumer,West,Silver,2021-02-05
CUST00847,Customer 0847,SMB,East,Bronze,2020-07-30
CUST03408,Customer 3408,SMB,North,Bronze,2019-06-14
CUST04765,Customer 4765,Corporate,East,Silver,2016-03-20
CUST01044,Customer 1044,Enterprise,East,Bronze,2020-08-28
CUST01976,Customer 1976,Consumer,North,Bronze,2023-08-17
CUST04674,Customer 4674,SMB,South,Bronze,2020-12-23
CUST04657,Customer 4657,Corporate,East,Gold,2018-09-05
CUST03132,Customer 3132,Enterprise,West,Platinum,2017-03-07
CUST01748,Customer 1748,Consumer,North,Gold,2016-04-05
CUST04277,Customer 4277,SMB,South,Gold,2021-01-23
CUST01948,Customer 1948,Enterprise,South,Bronze,2020-02-15
CUST03839,Customer 3839,SMB,North,Bronze,2018-02-25
CUST01357,Customer 1357,Enterprise,West,Gold,2018-08-06
CUST03887,Customer 3887,Enterprise,East,Bronze,2019-11-05
CUST02808,Customer 2808,Corporate,West,Silver,2016-12-13
CUST01689,Customer 1689,Enterprise,East,Platinum,2020-06-19
CUST03064,Customer 3064,SMB,South,Bronze,2017-09-22
CUST02892,Customer 2892,SMB,East,Silver,2017-12-06
CUST01337,Customer 1337,Consumer,West,Bronze,2019-07-16
CUST00479,Customer 0479,Consumer,West,Gold,2019-01-28
CUST01648,Customer 1648,SMB,East,Silver,2020-10-25
CUST03262,Customer 3262,Consumer,East,Gold,2022-06-21
CUST02348,Customer 2348,Enterprise,North,Bronze,2019-05-23
CUST02855,Customer 2855,Corporate,East,Bronze,2019-10-06
CUST02159,Customer 2159,SMB,North,Bronze,2017-01-19
CUST01661,Customer 1661,Enterprise,South,Silver,2019-09-19
CUST03076,Customer 3076,Consumer,West,Bronze,2024-04-26
CUST00974,Customer 0974,Corporate,East,Gold,2021-01-07
CUST03736,Customer 3736,Consumer,East,Silver,2017-05-06
CUST04013,Customer 4013,Corporate,North,Bronze,2024-11-27
CUST01421,Customer 1421,Consumer,North,Bronze,2017-10-11
CUST01189,Customer 1189,SMB,East,Bronze,2017-10-15
CUST00783,Customer 0783,SMB,South,Platinum,2024-11-11
CUST04556,Customer 4556,Enterprise,East,Silver,2017-08-13
CUST03432,Customer 3432,Enterprise,East,Silver,2020-09-01
CUST04409,Customer 4409,Consumer,West,Silver,2020-01-11
CUST04024,Customer 4024,Enterprise,East,Silver,2015-09-07
CUST03150,Customer 3150,Corporate,West,Bronze,2015-04-08
CUST01923,Customer 1923,Consumer,West,Bronze,2016-03-13
CUST02122,Customer 2122,Consumer,South,Gold,2022-07-24
CUST01613,Customer 1613,Corporate,West,Bronze,2015-04-05
CUST01233,Customer 1233,SMB,North,Silver,2019-07-19
CUST01512,Customer 1512,Consumer,South,Silver,2017-07-04
CUST04807,Customer 4807,Enterprise,West,Bronze,2023-08-12
CUST03443,Customer 3443,Corporate,West,Silver,2015-01-02
CUST01979,Customer 1979,Enterprise,West,Bronze,2018-08-28
CUST03776,Customer 3776,Corporate,South,Silver,2018-11-04
CUST02136,Customer 2136,Enterprise,South,Silver,2019-06-30
CUST04430,Customer 4430,Enterprise,West,Silver,2018-02-12
CUST02907,Customer 2907,Consumer,West,Bronze,2017-11-30
CUST04790,Customer 4790,Consumer,North,Bronze,2016-10-28
CUST00902,Customer 0902,Corporate,North,Silver,2015-03-21
CUST00246,Customer 0246,Consumer,North,Silver,2018-01-29
CUST02897,Customer 2897,Enterprise,South,Bronze,2021-11-30
CUST01222,Customer 1222,Consumer,East,Gold,2021-01-18
CUST03651,Customer 3651,Consumer,North,Bronze,2017-11-21
CUST04286,Customer 4286,Corporate,North,Gold,2020-05-22
CUST03620,Customer 3620,Consumer,West,Bronze,2015-05-10
CUST04963,Customer 4963,Corporate,North,Silver,2024-03-02
CUST02151,Customer 2151,SMB,South,Bronze,2018-10-15
CUST04020,Customer 4020,Enterprise,West,Silver,2020-02-10
CUST01388,Customer 1388,Corporate,West,Platinum,2018-05-07
CUST01463,Customer 1463,SMB,South,Silver,2018-02-13
CUST02551,Customer 2551,Enterprise,East,Bronze,2022-10-22
CUST02723,Customer 2723,Enterprise,South,Silver,2024-12-17
CUST01704,Customer 1704,Consumer,South,Silver,2022-02-19
CUST04250,Customer 4250,Corporate,West,Silver,2016-02-22
CUST03127,Customer 3127,Consumer,East,Bronze,2023-11-24
CUST02171,Customer 2171,Consumer,West,Silver,2015-05-06
CUST01964,Customer 1964,Consumer,North,Silver,2021-05-20
CUST01297,Customer 1297,SMB,West,Silver,2018-01-10
CUST04033,Customer 4033,Consumer,East,Silver,2016-12-30
CUST04452,Customer 4452,Corporate,West,Bronze,2017-02-23
CUST03359,Customer 3359,SMB,East,Bronze,2021-11-07
CUST00687,Customer 0687,SMB,North,Bronze,2018-06-28
CUST02373,Customer 2373,Consumer,East,Bronze,2018-09-09
CUST00894,Customer 0894,Enterprise,East,Bronze,2022-02-19
CUST02124,Customer 2124,Consumer,North,Gold,2018-04-11
CUST00310,Customer 0310,Enterprise,East,Silver,2017-06-09
CUST00562,Customer 0562,SMB,South,Bronze,2024-03-15
CUST03320,Customer 3320,Corporate,East,Bronze,2016-06-17
CUST00354,Customer 0354,Enterprise,South,Silver,2018-11-01
CUST04082,Customer 4082,Consumer,East,Silver,2015-05-21
CUST02574,Customer 2574,SMB,South,Gold,2020-07-12
CUST04009,Customer 4009,Enterprise,South,Silver,2018-08-31
CUST03999,Customer 3999,SMB,West,Gold,2023-09-25
CUST00314,Customer 0314,Consumer,West,Gold,2023-02-03
CUST03417,Customer 3417,Enterprise,West,Gold,2021-03-02
CUST03862,Customer 3862,Enterprise,South,Gold,2021-02-20
CUST01180,Customer 1180,SMB,West,Platinum,2023-02-06
CUST04569,Customer 4569,Consumer,East,Bronze,2016-11-14
CUST04991,Customer 4991,SMB,West,Platinum,2017-05-19
CUST02339,Customer 2339,Consumer,South,Platinum,2017-10-31
CUST03527,Customer 3527,Enterprise,North,Gold,2017-04-29
CUST00790,Customer 0790,Corporate,South,Silver,2017-12-30
CUST00556,Customer 0556,Corporate,South,Bronze,2022-08-12
CUST02274,Customer 2274,Enterprise,East,Silver,2016-07-17
CUST02405,Customer 2405,SMB,East,Gold,2018-03-05
CUST01065,Customer 1065,Consumer,West,Bronze,2019-01-25
CUST00742,Customer 0742,Consumer,South,Silver,2018-02-26
CUST04589,Customer 4589,Enterprise,North,Bronze,2020-03-13
CUST02494,Customer 2494,Enterprise,East,Gold,2017-03-26
CUST01173,Customer 1173,Consumer,West,Bronze,2022-08-28
CUST03110,Customer 3110,SMB,North,Bronze,2022-10-30
CUST02072,Customer 2072,SMB,West,Gold,2019-10-09
CUST01409,Customer 1409,Corporate,North,Silver,2020-01-16
CUST03728,Customer 3728,SMB,West,Bronze,2022-01-26
CUST00329,Customer 0329,SMB,East,Bronze,2023-05-09
CUST02697,Customer 2697,Corporate,East,Bronze,2021-08-27
CUST01919,Customer 1919,Corporate,North,Bronze,2015-12-29
CUST02212,Customer 2212,Consumer,East,Silver,2024-09-21
CUST02316,Customer 2316,Consumer,South,Gold,2024-06-26
CUST02555,Customer 2555,Corporate,North,Bronze,2020-07-19
CUST03918,Customer 3918,SMB,North,Silver,2019-12-15
CUST04769,Customer 4769,SMB,South,Bronze,2019-01-21
CUST03367,Customer 3367,SMB,West,Bronze,2019-06-14
CUST04200,Customer 4200,Consumer,North,Platinum,2018-01-16
CUST03033,Customer 3033,SMB,West,Bronze,2020-11-26
CUST04655,Customer 4655,Corporate,East,Bronze,2024-02-18
CUST02913,Customer 2913,Consumer,South,Bronze,2020-01-21
CUST02703,Customer 2703,Corporate,North,Gold,2021-09-16
CUST00272,Customer 0272,Corporate,East,Silver,2024-05-20
CUST03075,Customer 3075,Corporate,West,Silver,2015-11-10
CUST02006,Customer 2006,SMB,West,Silver,2020-05-31
CUST00615,Customer 0615,Enterprise,East,Gold,2019-12-10
CUST04893,Customer 4893,Corporate,South,Bronze,2016-11-02
CUST02246,Customer 2246,SMB,West,Platinum,2021-07-16
CUST02314,Customer 2314,Corporate,West,Bronze,2022-10-12
CUST00293,Customer 0293,SMB,South,Silver,2017-12-09
CUST04578,Customer 4578,Consumer,South,Platinum,2023-09-04
CUST02005,Customer 2005,SMB,East,Bronze,2022-09-08
CUST02422,Customer 2422,Consumer,East,Bronze,2022-02-15
CUST02440,Customer 2440,Consumer,West,Gold,2015-05-31
CUST03931,Customer 3931,SMB,West,Bronze,2022-09-23
CUST02268,Customer 2268,Consumer,North,Gold,2022-06-05
CUST00112,Customer 0112,SMB,East,Bronze,2020-04-03
CUST03652,Customer 3652,Enterprise,South,Bronze,2015-03-30
CUST03031,Customer 3031,SMB,West,Bronze,2016-10-28
CUST03483,Customer 3483,Corporate,North,Silver,2016-11-08
CUST02140,Customer 2140,Consumer,North,Silver,2019-08-22
CUST01299,Customer 1299,Corporate,North,Gold,2022-05-21
CUST04394,Customer 4394,SMB,North,Bronze,2022-05-23
CUST03610,Customer 3610,Consumer,South,Gold,2020-04-23
CUST04395,Customer 4395,Consumer,West,Silver,2015-08-18
CUST02060,Customer 2060,Consumer,South,Silver,2015-02-20
CUST03398,Customer 3398,Enterprise,North,Gold,2022-04-29
CUST02612,Customer 2612,Enterprise,West,Bronze,2016-01-16
CUST02483,Customer 2483,Corporate,North,Silver,2021-05-18
CUST00337,Customer 0337,Consumer,North,Silver,2021-09-06
CUST03252,Customer 3252,SMB,South,Bronze,2022-04-17
CUST03025,Customer 3025,Consumer,North,Bronze,2016-04-07
CUST01479,Customer 1479,Corporate,South,Silver,2018-08-25
CUST03603,Customer 3603,Consumer,East,Bronze,2018-08-09
CUST03396,Customer 3396,Consumer,West,Silver,2024-11-26
CUST04154,Customer 4154,Enterprise,West,Silver,2022-01-26
CUST03259,Customer 3259,Corporate,South,Silver,2023-08-14
CUST03617,Customer 3617,SMB,South,Bronze,2022-12-24
CUST01264,Customer 1264,Corporate,North,Gold,2021-03-20
CUST00771,Customer 0771,Consumer,North,Silver,2021-02-19
CUST04633,Customer 4633,Corporate,South,Gold,2018-06-03
CUST03095,Customer 3095,Corporate,West,Silver,2017-05-24
CUST02355,Customer 2355,SMB,East,Silver,2020-03-13
CUST03018,Customer 3018,Consumer,South,Bronze,2021-08-09
CUST04011,Customer 4011,Enterprise,South,Silver,2016-07-09
CUST03220,Customer 3220,SMB,West,Gold,2015-04-02
CUST03738,Customer 3738,SMB,West,Bronze,2015-05-22
CUST04247,Customer 4247,Corporate,East,Bronze,2017-06-17
CUST03670,Customer 3670,SMB,West,Bronze,2015-10-13
CUST00530,Customer 0530,Enterprise,West,Bronze,2022-12-24
CUST04436,Customer 4436,Consumer,East,Bronze,2020-01-02
CUST00170,Customer 0170,Enterprise,East,Bronze,2021-02-02
CUST02677,Customer 2677,SMB,North,Bronze,2023-05-18
CUST04553,Customer 4553,Consumer,West,Bronze,2022-01-08
CUST02025,Customer 2025,Corporate,East,Silver,2021-07-05
CUST00137,Customer 0137,Corporate,North,Bronze,2015-01-11
CUST04386,Customer 4386,SMB,East,Gold,2015-05-26
CUST00284,Customer 0284,Enterprise,North,Bronze,2019-04-29
CUST02540,Customer 2540,Corporate,South,Bronze,2022-04-04
CUST04418,Customer 4418,Consumer,West,Gold,2016-01-06
CUST03869,Customer 3869,Enterprise,East,Bronze,2022-11-19
CUST04281,Customer 4281,Enterprise,South,Bronze,2019-07-10
CUST01149,Customer 1149,Enterprise,West,Silver,2021-06-16
CUST03756,Customer 3756,SMB,North,Bronze,2020-03-03
CUST02554,Customer 2554,Enterprise,South,Bronze,2024-01-30
CUST01559,Customer 1559,Consumer,West,Bronze,2021-09-03
CUST04465,Customer 4465,Consumer,South,Bronze,2019-06-17
CUST01175,Customer 1175,Corporate,West,Gold,2022-12-29
CUST04270,Customer 4270,Enterprise,West,Silver,2024-02-29
CUST01609,Customer 1609,Enterprise,West,Gold,2019-07-24
CUST04339,Customer 4339,SMB,West,Gold,2015-02-11
CUST03966,Customer 3966,Enterprise,East,Silver,2019-01-02
CUST03552,Customer 3552,Corporate,West,Bronze,2019-06-04
CUST02986,Customer 2986,Corporate,South,Bronze,2017-12-15
CUST00194,Customer 0194,Corporate,West,Bronze,2015-05-12
CUST01755,Customer 1755,Enterprise,West,Bronze,2024-09-04
CUST00736,Customer 0736,Enterprise,North,Bronze,2017-10-14
CUST03718,Customer 3718,Corporate,East,Platinum,2022-08-09
CUST04136,Customer 4136,Consumer,East,Bronze,2017-05-24
CUST00217,Customer 0217,Consumer,South,Bronze,2023-02-24
CUST04558,Customer 4558,Enterprise,South,Gold,2016-12-30
CUST03814,Customer 3814,Consumer,West,Silver,2024-04-15
CUST04793,Customer 4793,Enterprise,North,Bronze,2022-09-05
CUST01678,Customer 1678,Corporate,North,Bronze,2019-05-08
CUST03351,Customer 3351,SMB,East,Bronze,2020-02-05
CUST03906,Customer 3906,Corporate,North,Silver,2022-04-03
CUST02454,Customer 2454,SMB,East,Silver,2021-02-11
CUST00456,Customer 0456,Corporate,East,Silver,2020-01-27
CUST00985,Customer 0985,Enterprise,West,Platinum,2023-09-25
CUST02102,Customer 2102,SMB,South,Bronze,2016-10-08
CUST02401,Customer 2401,Consumer,South,Bronze,2019-04-10
CUST02302,Customer 2302,Corporate,East,Bronze,2021-01-28
CUST00099,Customer 0099,Consumer,South,Silver,2022-03-06
CUST04167,Customer 4167,SMB,North,Silver,2015-05-30
CUST02413,Customer 2413,SMB,West,Platinum,2024-06-25
CUST03165,Customer 3165,Enterprise,North,Bronze,2017-03-28
CUST04207,Customer 4207,Enterprise,West,Silver,2016-02-29
CUST03916,Customer 3916,Corporate,North,Bronze,2024-03-15
CUST01813,Customer 1813,SMB,East,Bronze,2017-10-24
CUST01126,Customer 1126,Corporate,North,Bronze,2024-07-27
CUST04951,Customer 4951,Corporate,West,Silver,2023-05-20
CUST03477,Customer 3477,Enterprise,West,Bronze,2019-02-21
CUST01558,Customer 1558,Consumer,West,Gold,2015-05-15
CUST02357,Customer 2357,Consumer,South,Platinum,2023-01-27
CUST00262,Customer 0262,Corporate,South,Bronze,2021-05-13
CUST02747,Customer 2747,SMB,West,Bronze,2017-09-23
CUST04906,Customer 4906,SMB,North,Silver,2022-03-10
CUST01644,Customer 1644,SMB,West,Bronze,2024-08-05
CUST04319,Customer 4319,Corporate,South,Silver,2016-07-16
CUST00107,Customer 0107,Consumer,South,Silver,2024-12-22
CUST04210,Customer 4210,SMB,North,Bronze,2018-11-11
CUST02601,Customer 2601,Consumer,South,Silver,2016-01-08
CUST02529,Customer 2529,SMB,East,Silver,2023-05-15
CUST04279,Customer 4279,Corporate,North,Silver,2015-12-08
CUST00395,Customer 0395,Enterprise,West,Bronze,2017-02-17
CUST03382,Customer 3382,Consumer,North,Silver,2016-07-25
CUST00451,Customer 0451,Consumer,East,Silver,2019-02-14
CUST02818,Customer 2818,SMB,South,Bronze,2024-11-06
CUST02872,Customer 2872,Enterprise,East,Bronze,2019-12-22
CUST00496,Customer 0496,Consumer,North,Bronze,2022-09-18
CUST01826,Customer 1826,SMB,South,Gold,2021-06-16
CUST03528,Customer 3528,Enterprise,East,Gold,2021-09-16
CUST01896,Customer 1896,Corporate,North,Bronze,2022-04-11
CUST04910,Customer 4910,Enterprise,South,Silver,2022-07-02
CUST02251,Customer 2251,Corporate,East,Gold,2018-03-03
CUST00424,Customer 0424,Corporate,West,Bronze,2016-03-10
CUST03062,Customer 3062,Corporate,South,Gold,2017-12-31
CUST01099,Customer 1099,Corporate,South,Gold,2015-07-15
CUST01781,Customer 1781,Corporate,North,Platinum,2018-05-20
CUST03120,Customer 3120,Enterprise,South,Silver,2021-02-11
CUST01164,Customer 1164,Corporate,South,Bronze,2019-10-17
CUST02873,Customer 2873,SMB,West,Bronze,2022-04-30
CUST03563,Customer 3563,Corporate,North,Bronze,2024-03-27
CUST04739,Customer 4739,Corporate,South,Platinum,2016-04-21
CUST03784,Customer 3784,SMB,North,Silver,2018-12-13
CUST02419,Customer 2419,SMB,West,Gold,2016-02-24
CUST02219,Customer 2219,Corporate,East,Silver,2022-11-09
CUST03857,Customer 3857,Consumer,West,Gold,2023-04-22
CUST02745,Customer 2745,Enterprise,West,Gold,2019-01-23
CUST00918,Customer 0918,Corporate,West,Gold,2017-09-20
CUST03195,Customer 3195,Consumer,North,Silver,2024-05-30
CUST01547,Customer 1547,Consumer,East,Silver,2017-01-09
CUST03858,Customer 3858,Consumer,North,Bronze,2015-07-12
CUST03125,Customer 3125,Corporate,East,Bronze,2018-10-15
CUST03317,Customer 3317,Consumer,North,Bronze,2016-08-23
CUST01522,Customer 1522,Enterprise,West,Silver,2016-05-08
CUST00905,Customer 0905,Enterprise,East,Platinum,2018-07-06
CUST01472,Customer 1472,SMB,West,Bronze,2015-01-12
CUST02392,Customer 2392,Consumer,North,Bronze,2015-09-07
CUST04531,Customer 4531,Corporate,North,Bronze,2023-07-29
CUST02693,Customer 2693,SMB,East,Silver,2020-10-11
CUST01602,Customer 1602,Consumer,South,Bronze,2021-06-06
CUST00787,Customer 0787,Corporate,East,Gold,2022-12-11
CUST01864,Customer 1864,Enterprise,East,Platinum,2021-10-21
CUST02646,Customer 2646,Enterprise,West,Gold,2019-05-31
CUST01520,Customer 1520,SMB,South,Bronze,2015-06-20
CUST04295,Customer 4295,Corporate,South,Silver,2015-10-29
CUST03733,Customer 3733,Enterprise,East,Gold,2016-02-07
CUST00694,Customer 0694,SMB,North,Bronze,2022-10-20
CUST04999,Customer 4999,Enterprise,North,Bronze,2017-02-26
CUST04414,Customer 4414,Enterprise,East,Bronze,2021-09-05
CUST01277,Customer 1277,Consumer,South,Silver,2015-08-31
CUST01386,Customer 1386,Enterprise,North,Silver,2015-02-27
CUST01266,Customer 1266,Corporate,South,Gold,2019-01-16
CUST04036,Customer 4036,Corporate,South,Bronze,2020-08-07
CUST02351,Customer 2351,Consumer,West,Gold,2019-12-13
CUST03091,Customer 3091,SMB,West,Bronze,2018-10-22
CUST00608,Customer 0608,Consumer,North,Bronze,2016-10-17
CUST04752,Customer 4752,Enterprise,West,Bronze,2016-03-07
CUST03876,Customer 3876,Enterprise,North,Bronze,2022-05-07
CUST02327,Customer 2327,SMB,West,Silver,2022-01-09
CUST01773,Customer 1773,Corporate,South,Bronze,2023-12-10
CUST02566,Customer 2566,Corporate,South,Gold,2017-07-08
CUST04977,Customer 4977,Corporate,South,Silver,2019-10-27
CUST03284,Customer 3284,Corporate,North,Gold,2023-02-28
CUST04824,Customer 4824,Enterprise,North,Silver,2019-09-27
CUST00051,Customer 0051,Consumer,North,Bronze,2023-06-05
CUST04196,Customer 4196,SMB,West,Silver,2018-07-16
CUST03799,Customer 3799,Enterprise,East,Gold,2023-06-10
CUST01885,Customer 1885,SMB,West,Bronze,2024-11-03
CUST02734,Customer 2734,SMB,East,Bronze,2021-12-27
CUST00169,Customer 0169,Consumer,North,Silver,2022-06-19
CUST02103,Customer 2103,SMB,South,Silver,2015-04-27
CUST03357,Customer 3357,Enterprise,East,Bronze,2018-01-23
CUST04086,Customer 4086,Enterprise,West,Silver,2015-08-15
CUST00971,Customer 0971,Consumer,South,Silver,2022-09-13
CUST03100,Customer 3100,SMB,South,Silver,2018-09-26
CUST02478,Customer 2478,Consumer,East,Silver,2017-08-23
CUST01371,Customer 1371,SMB,North,Silver,2015-11-10
CUST04513,Customer 4513,Enterprise,East,Bronze,2022-01-08
CUST03745,Customer 3745,Corporate,North,Silver,2020-11-19
CUST01614,Customer 1614,SMB,South,Bronze,2021-09-30
CUST00931,Customer 0931,Enterprise,South,Silver,2015-10-29
CUST04719,Customer 4719,Enterprise,West,Bronze,2015-11-28
CUST04515,Customer 4515,Consumer,South,Silver,2024-04-26
CUST01715,Customer 1715,Corporate,West,Bronze,2023-06-16
CUST02414,Customer 2414,SMB,North,Gold,2019-09-20
CUST01615,Customer 1615,SMB,West,Bronze,2019-05-10
CUST03905,Customer 3905,SMB,North,Bronze,2019-03-11
CUST00413,Customer 0413,Consumer,East,Gold,2021-10-29
CUST02231,Customer 2231,Consumer,West,Silver,2023-05-03
CUST01166,Customer 1166,Corporate,West,Platinum,2022-08-25
CUST04856,Customer 4856,Consumer,West,Gold,2024-03-05
CUST04226,Customer 4226,Enterprise,North,Bronze,2021-07-09
CUST02315,Customer 2315,Consumer,East,Silver,2018-04-23
CUST01725,Customer 1725,Enterprise,West,Gold,2022-07-13
CUST00388,Customer 0388,Corporate,East,Silver,2024-01-18
CUST01060,Customer 1060,SMB,East,Silver,2020-04-16
CUST01141,Customer 1141,Enterprise,North,Silver,2018-12-14
CUST01956,Customer 1956,Consumer,South,Bronze,2020-06-29
CUST04348,Customer 4348,Consumer,East,Bronze,2018-09-10
CUST01750,Customer 1750,Consumer,South,Silver,2024-07-24
CUST01833,Customer 1833,Enterprise,West,Gold,2021-10-26
CUST02802,Customer 2802,Consumer,West,Silver,2017-12-07
CUST04548,Customer 4548,SMB,South,Bronze,2020-10-07
CUST00119,Customer 0119,SMB,North,Bronze,2015-05-09
CUST02989,Customer 2989,Corporate,East,Silver,2020-12-17
CUST01526,Customer 1526,Enterprise,South,Silver,2024-07-31
CUST03436,Customer 3436,Enterprise,East,Bronze,2015-02-22
CUST00430,Customer 0430,SMB,North,Bronze,2021-05-16
CUST03803,Customer 3803,Enterprise,East,Silver,2021-12-12
CUST00450,Customer 0450,Enterprise,East,Gold,2021-08-03
CUST02571,Customer 2571,SMB,South,Gold,2018-11-25
CUST01573,Customer 1573,Consumer,North,Bronze,2022-03-22
CUST04354,Customer 4354,Corporate,South,Gold,2017-06-07
CUST01897,Customer 1897,SMB,South,Bronze,2017-10-09
CUST03405,Customer 3405,Enterprise,North,Gold,2022-06-28
CUST00340,Customer 0340,Corporate,North,Silver,2022-11-17
CUST02777,Customer 2777,SMB,East,Bronze,2021-04-11
CUST00994,Customer 0994,Corporate,North,Silver,2024-01-24
CUST01292,Customer 1292,Enterprise,South,Bronze,2015-09-16
CUST04623,Customer 4623,Corporate,North,Bronze,2021-04-03
CUST03048,Customer 3048,Consumer,South,Bronze,2015-09-16
CUST02438,Customer 2438,Enterprise,North,Bronze,2023-07-19
CUST01686,Customer 1686,Corporate,East,Bronze,2020-03-27
CUST00566,Customer 0566,Enterprise,West,Silver,2019-11-18
CUST00533,Customer 0533,Corporate,East,Silver,2021-05-11
CUST01342,Customer 1342,Consumer,South,Silver,2022-10-01
CUST01196,Customer 1196,Enterprise,East,Silver,2015-09-22
CUST00390,Customer 0390,Consumer,East,Gold,2015-02-19
CUST01932,Customer 1932,Consumer,South,Platinum,2020-11-07
CUST01950,Customer 1950,Corporate,West,Platinum,2024-04-16
CUST04149,Customer 4149,SMB,East,Bronze,2023-01-26
CUST00552,Customer 0552,Corporate,North,Bronze,2020-11-04
CUST00189,Customer 0189,Corporate,East,Bronze,2024-06-05
CUST00541,Customer 0541,SMB,South,Bronze,2022-12-23
CUST00489,Customer 0489,SMB,South,Bronze,2015-05-11
CUST04002,Customer 4002,Enterprise,South,Platinum,2020-10-15
CUST03754,Customer 3754,Consumer,East,Bronze,2024-03-15
CUST03263,Customer 3263,Consumer,North,Bronze,2019-08-10
CUST01029,Customer 1029,Corporate,West,Silver,2022-01-17
CUST01117,Customer 1117,Consumer,West,Bronze,2016-11-19
CUST01002,Customer 1002,SMB,North,Silver,2020-03-24
CUST01133,Customer 1133,Enterprise,West,Silver,2018-02-03
CUST03374,Customer 3374,Enterprise,West,Bronze,2019-07-12
CUST01229,Customer 1229,SMB,North,Bronze,2015-08-25
CUST02162,Customer 2162,SMB,South,Gold,2019-07-07
CUST02200,Customer 2200,Enterprise,West,Silver,2021-07-19
CUST04872,Customer 4872,SMB,East,Silver,2018-02-12
CUST04748,Customer 4748,Enterprise,North,Silver,2024-12-31
CUST04061,Customer 4061,Consumer,West,Bronze,2020-06-14
CUST00055,Customer 0055,Enterprise,East,Silver,2016-08-29
CUST00158,Customer 0158,Corporate,North,Bronze,2023-09-15
CUST01503,Customer 1503,Corporate,South,Bronze,2019-11-23
CUST00096,Customer 0096,Consumer,North,Bronze,2019-12-05
CUST03843,Customer 3843,Enterprise,East,Bronze,2021-03-08
CUST02969,Customer 2969,SMB,South,Silver,2024-07-06
CUST00123,Customer 0123,Enterprise,South,Silver,2020-06-05
CUST02865,Customer 2865,Enterprise,West,Silver,2019-02-10
CUST00829,Customer 0829,Corporate,South,Gold,2016-05-04
CUST04535,Customer 4535,Enterprise,North,Bronze,2020-02-16
CUST04071,Customer 4071,Enterprise,South,Bronze,2017-04-07
CUST04640,Customer 4640,SMB,South,Bronze,2019-04-04
CUST02874,Customer 2874,Consumer,West,Silver,2015-03-22
CUST00047,Customer 0047,Enterprise,East,Bronze,2024-09-01
CUST01752,Customer 1752,Corporate,East,Bronze,2022-08-26
CUST02353,Customer 2353,Corporate,East,Gold,2023-04-27
CUST04407,Customer 4407,Corporate,West,Silver,2020-01-19
CUST03303,Customer 3303,Consumer,West,Gold,2018-05-20
CUST01847,Customer 1847,Corporate,South,Gold,2022-06-17
CUST00360,Customer 0360,Corporate,South,Silver,2023-01-02
CUST01039,Customer 1039,Consumer,North,Bronze,2020-07-05
CUST01972,Customer 1972,SMB,East,Silver,2023-04-21
CUST01930,Customer 1930,SMB,West,Gold,2022-12-09
CUST01221,Customer 1221,Consumer,South,Silver,2020-10-03
CUST02679,Customer 2679,SMB,South,Bronze,2019-01-20
CUST00893,Customer 0893,Enterprise,South,Platinum,2020-11-05
CUST00273,Customer 0273,Corporate,East,Silver,2024-09-01
CUST01109,Customer 1109,Consumer,West,Bronze,2015-03-31
CUST00081,Customer 0081,Consumer,East,Silver,2023-03-09
CUST04164,Customer 4164,Enterprise,West,Gold,2022-10-07
CUST04659,Customer 4659,Enterprise,East,Bronze,2019-05-08
CUST03514,Customer 3514,Consumer,North,Bronze,2016-06-21
CUST04094,Customer 4094,Enterprise,West,Silver,2015-11-07
CUST04597,Customer 4597,Corporate,West,Gold,2020-05-19
CUST04429,Customer 4429,Consumer,East,Gold,2024-03-04
CUST04939,Customer 4939,Corporate,East,Bronze,2023-11-24
CUST04397,Customer 4397,Corporate,North,Bronze,2016-02-17
CUST03115,Customer 3115,Corporate,East,Silver,2022-12-20
CUST01701,Customer 1701,Consumer,South,Platinum,2020-06-14
CUST02901,Customer 2901,SMB,East,Bronze,2015-02-05
CUST03648,Customer 3648,Corporate,North,Silver,2022-08-16
CUST02853,Customer 2853,Corporate,West,Gold,2020-12-02
CUST01169,Customer 1169,Corporate,West,Bronze,2020-09-07
CUST02982,Customer 2982,SMB,South,Bronze,2019-12-23
CUST02154,Customer 2154,Consumer,East,Silver,2018-02-03
CUST03438,Customer 3438,Corporate,South,Gold,2023-10-18
CUST04949,Customer 4949,Corporate,West,Gold,2016-11-24
CUST03625,Customer 3625,Enterprise,North,Gold,2017-05-31
CUST04015,Customer 4015,SMB,East,Silver,2020-02-07
CUST02976,Customer 2976,Corporate,South,Silver,2023-02-11
CUST00798,Customer 0798,Corporate,South,Bronze,2024-01-03
CUST00780,Customer 0780,Consumer,South,Gold,2016-05-21
CUST02819,Customer 2819,Consumer,East,Bronze,2022-11-30
CUST01808,Customer 1808,Enterprise,East,Bronze,2018-11-10
CUST02614,Customer 2614,Corporate,East,Bronze,2024-11-21
CUST04105,Customer 4105,SMB,East,Platinum,2016-12-10
CUST03123,Customer 3123,Consumer,West,Platinum,2017-10-10
CUST00418,Customer 0418,Consumer,South,Bronze,2018-04-04
CUST04347,Customer 4347,Enterprise,South,Gold,2019-06-28
CUST04564,Customer 4564,SMB,South,Gold,2023-02-09
CUST02825,Customer 2825,Enterprise,West,Bronze,2015-11-10
CUST02923,Customer 2923,Consumer,East,Bronze,2021-08-20
CUST02850,Customer 2850,Consumer,East,Silver,2017-12-11
CUST02289,Customer 2289,SMB,South,Gold,2021-03-12
CUST02203,Customer 2203,Enterprise,West,Silver,2023-09-23
CUST00128,Customer 0128,Consumer,South,Bronze,2018-12-28
CUST04620,Customer 4620,SMB,North,Silver,2015-07-24
CUST04690,Customer 4690,Consumer,North,Bronze,2024-09-03
CUST01381,Customer 1381,Corporate,South,Bronze,2021-01-05
CUST02273,Customer 2273,Corporate,East,Silver,2020-06-03
CUST02306,Customer 2306,Consumer,North,Gold,2018-04-10
CUST00998,Customer 0998,Enterprise,West,Silver,2020-11-11
CUST03389,Customer 3389,Enterprise,West,Silver,2021-10-10
CUST00231,Customer 0231,SMB,North,Platinum,2017-11-28
CUST03568,Customer 3568,Consumer,West,Gold,2019-04-04
CUST02463,Customer 2463,Consumer,East,Bronze,2021-07-29
CUST01938,Customer 1938,Corporate,South,Gold,2017-02-19
CUST00434,Customer 0434,Consumer,North,Silver,2024-09-23
CUST00934,Customer 0934,SMB,North,Silver,2021-06-29
CUST02692,Customer 2692,Corporate,North,Silver,2017-05-18
CUST00214,Customer 0214,Enterprise,West,Silver,2021-04-14
CUST02209,Customer 2209,Corporate,South,Silver,2024-07-17
CUST03250,Customer 3250,Consumer,South,Bronze,2023-02-26
CUST04057,Customer 4057,Enterprise,East,Platinum,2024-12-02
CUST01859,Customer 1859,SMB,South,Gold,2015-07-02
CUST00359,Customer 0359,Corporate,South,Platinum,2023-10-07
CUST04115,Customer 4115,Corporate,West,Gold,2015-10-27
CUST00756,Customer 0756,Consumer,East,Silver,2020-11-11
CUST01418,Customer 1418,Corporate,West,Bronze,2020-07-01
CUST02116,Customer 2116,SMB,North,Bronze,2020-06-19
CUST04928,Customer 4928,Enterprise,West,Gold,2022-10-16
CUST04139,Customer 4139,Corporate,West,Silver,2021-07-20
CUST03901,Customer 3901,Enterprise,West,Gold,2022-03-10
CUST04235,Customer 4235,SMB,South,Silver,2017-03-16
CUST00544,Customer 0544,Consumer,South,Silver,2015-05-21
CUST00986,Customer 0986,Corporate,South,Gold,2015-09-21
CUST01766,Customer 1766,SMB,West,Silver,2023-08-14
CUST02881,Customer 2881,Enterprise,North,Gold,2022-04-18
CUST01988,Customer 1988,Consumer,North,Silver,2015-01-16
CUST03279,Customer 3279,SMB,East,Bronze,2022-05-29
CUST03494,Customer 3494,SMB,South,Silver,2015-07-09
CUST00957,Customer 0957,SMB,North,Bronze,2019-06-21
CUST01736,Customer 1736,Enterprise,West,Silver,2020-09-09
CUST01190,Customer 1190,Consumer,East,Silver,2022-10-12
CUST00101,Customer 0101,SMB,South,Gold,2017-12-14
CUST00913,Customer 0913,SMB,West,Silver,2017-04-03
CUST00812,Customer 0812,Corporate,South,Bronze,2021-09-28
CUST02654,Customer 2654,SMB,North,Silver,2019-10-12
CUST03450,Customer 3450,Corporate,West,Bronze,2015-06-06
CUST00279,Customer 0279,Consumer,East,Bronze,2018-07-07
CUST01092,Customer 1092,SMB,North,Silver,2016-07-06
CUST03063,Customer 3063,Consumer,South,Bronze,2024-10-18
CUST04350,Customer 4350,SMB,South,Gold,2017-08-29
CUST01680,Customer 1680,Enterprise,North,Gold,2024-03-30
CUST00993,Customer 0993,SMB,North,Silver,2024-07-18
CUST01184,Customer 1184,SMB,South,Silver,2015-10-06
CUST02915,Customer 2915,SMB,East,Gold,2016-06-19
CUST02282,Customer 2282,Enterprise,North,Silver,2020-05-03
CUST03553,Customer 3553,Enterprise,North,Bronze,2024-03-21
CUST04845,Customer 4845,Consumer,West,Bronze,2017-11-17
CUST02443,Customer 2443,Consumer,East,Gold,2019-09-25
CUST00167,Customer 0167,Consumer,South,Bronze,2023-11-15
CUST01629,Customer 1629,Enterprise,East,Bronze,2020-10-22
CUST04870,Customer 4870,Consumer,South,Bronze,2021-11-12
CUST01823,Customer 1823,Consumer,North,Bronze,2019-11-29
CUST00444,Customer 0444,Corporate,East,Bronze,2021-08-02
CUST01747,Customer 1747,SMB,South,Bronze,2019-10-01
CUST03289,Customer 3289,Corporate,North,Gold,2020-09-26
CUST03895,Customer 3895,Enterprise,South,Bronze,2017-01-13
CUST04871,Customer 4871,Consumer,South,Silver,2016-01-03
CUST02304,Customer 2304,Corporate,North,Bronze,2024-02-13
CUST02092,Customer 2092,SMB,North,Bronze,2017-04-24
CUST03822,Customer 3822,Enterprise,East,Bronze,2017-04-19
CUST03491,Customer 3491,Consumer,North,Silver,2017-04-23
CUST00133,Customer 0133,Corporate,North,Bronze,2024-03-28
CUST01953,Customer 1953,Consumer,North,Silver,2015-08-13
CUST00983,Customer 0983,Enterprise,South,Silver,2019-09-28
CUST03951,Customer 3951,Corporate,South,Silver,2020-08-06
CUST04863,Customer 4863,Corporate,West,Gold,2023-04-16
CUST00338,Customer 0338,SMB,West,Platinum,2018-03-06
CUST02312,Customer 2312,SMB,West,Silver,2023-09-11
CUST01006,Customer 1006,Enterprise,South,Bronze,2021-04-02
CUST02878,Customer 2878,SMB,North,Gold,2022-07-08
CUST02213,Customer 2213,Enterprise,West,Bronze,2018-11-26
CUST01157,Customer 1157,Corporate,North,Platinum,2020-02-04
CUST00514,Customer 0514,Corporate,North,Bronze,2023-08-01
CUST02012,Customer 2012,Enterprise,North,Silver,2015-01-27
CUST02546,Customer 2546,Corporate,West,Silver,2024-12-11
CUST03266,Customer 3266,Corporate,West,Bronze,2022-03-08
CUST04800,Customer 4800,Consumer,South,Silver,2020-05-17
CUST04466,Customer 4466,Enterprise,North,Silver,2018-07-07
CUST03937,Customer 3937,Corporate,East,Bronze,2023-07-10
CUST02794,Customer 2794,SMB,West,Bronze,2018-01-10
CUST01404,Customer 1404,Consumer,South,Bronze,2021-08-01
CUST03917,Customer 3917,Corporate,West,Silver,2023-06-11
CUST04184,Customer 4184,Enterprise,East,Bronze,2022-08-12
CUST03665,Customer 3665,Consumer,South,Silver,2020-06-14
CUST02152,Customer 2152,Corporate,East,Bronze,2024-02-04
CUST01513,Customer 1513,Corporate,West,Silver,2024-07-20
CUST00770,Customer 0770,SMB,East,Gold,2015-12-13
CUST04810,Customer 4810,Enterprise,North,Gold,2016-07-30
CUST03334,Customer 3334,SMB,East,Bronze,2017-01-10
CUST02800,Customer 2800,Enterprise,West,Gold,2018-05-11
CUST00294,Customer 0294,Enterprise,West,Silver,2023-10-23
CUST03363,Customer 3363,SMB,South,Bronze,2024-09-19
CUST04583,Customer 4583,Consumer,South,Gold,2020-06-29
CUST03596,Customer 3596,Corporate,South,Bronze,2017-08-31
CUST01958,Customer 1958,Consumer,North,Gold,2017-09-27
CUST02683,Customer 2683,Corporate,East,Bronze,2021-04-22
CUST04278,Customer 4278,SMB,South,Silver,2017-11-15
CUST03809,Customer 3809,Corporate,North,Silver,2024-07-06
CUST01145,Customer 1145,SMB,North,Silver,2023-12-26
CUST01828,Customer 1828,Enterprise,East,Silver,2019-09-03
CUST03101,Customer 3101,Enterprise,East,Bronze,2015-07-25
CUST03085,Customer 3085,Enterprise,West,Bronze,2019-10-03
CUST03946,Customer 3946,Enterprise,East,Bronze,2024-12-27
CUST00584,Customer 0584,Enterprise,West,Silver,2022-01-09
CUST03001,Customer 3001,Consumer,West,Silver,2016-03-15
CUST04326,Customer 4326,Consumer,West,Bronze,2020-06-24
CUST01730,Customer 1730,SMB,North,Gold,2016-09-28
CUST01038,Customer 1038,Consumer,South,Bronze,2016-03-01
CUST03580,Customer 3580,Enterprise,North,Silver,2024-03-03
CUST02248,Customer 2248,Consumer,East,Silver,2017-10-13
CUST02505,Customer 2505,Consumer,North,Bronze,2023-04-06
CUST01533,Customer 1533,SMB,East,Bronze,2015-01-05
CUST02291,Customer 2291,SMB,East,Gold,2015-12-23
CUST00793,Customer 0793,SMB,West,Bronze,2016-04-30
CUST03368,Customer 3368,Corporate,East,Gold,2024-09-07
CUST02412,Customer 2412,Consumer,West,Bronze,2021-07-13
CUST01496,Customer 1496,Consumer,South,Platinum,2015-05-19
CUST04741,Customer 4741,Consumer,West,Bronze,2021-06-15
CUST00870,Customer 0870,Consumer,North,Silver,2016-04-28
CUST02170,Customer 2170,Corporate,South,Platinum,2016-08-25
CUST04797,Customer 4797,SMB,West,Gold,2020-09-04
CUST04686,Customer 4686,Consumer,East,Gold,2019-07-30
CUST04342,Customer 4342,Consumer,East,Gold,2023-10-24
CUST03137,Customer 3137,Corporate,South,Silver,2019-12-19
CUST01168,Customer 1168,Consumer,West,Silver,2017-04-05
CUST00991,Customer 0991,Corporate,South,Silver,2017-02-04
CUST01218,Customer 1218,Corporate,South,Silver,2023-07-10
CUST00370,Customer 0370,SMB,North,Silver,2015-01-18
CUST03677,Customer 3677,Enterprise,East,Bronze,2018-01-15
CUST02707,Customer 2707,SMB,North,Silver,2017-05-06
CUST00038,Customer 0038,SMB,South,Bronze,2018-02-05
CUST03730,Customer 3730,Consumer,East,Silver,2017-01-27
CUST04909,Customer 4909,Consumer,North,Gold,2020-05-20
CUST02793,Customer 2793,Enterprise,North,Bronze,2016-03-07
CUST00373,Customer 0373,Consumer,East,Bronze,2020-11-03
CUST01147,Customer 1147,Corporate,South,Bronze,2015-10-11
CUST02141,Customer 2141,SMB,West,Bronze,2018-06-09
CUST00512,Customer 0512,Corporate,North,Bronze,2024-08-25
CUST03067,Customer 3067,SMB,West,Bronze,2020-05-01
CUST01798,Customer 1798,Corporate,North,Gold,2019-05-02
CUST01549,Customer 1549,Corporate,West,Bronze,2020-07-13
CUST01178,Customer 1178,Corporate,South,Bronze,2020-11-04
CUST02208,Customer 2208,Corporate,South,Silver,2021-11-07
CUST02135,Customer 2135,Consumer,North,Platinum,2018-12-22
CUST04212,Customer 4212,Consumer,East,Bronze,2023-06-12
CUST01161,Customer 1161,SMB,East,Silver,2016-02-11
CUST02721,Customer 2721,Enterprise,North,Bronze,2017-08-28
CUST01318,Customer 1318,Enterprise,West,Bronze,2018-05-11
CUST02576,Customer 2576,Consumer,West,Bronze,2017-07-04
CUST02762,Customer 2762,SMB,East,Platinum,2018-04-07
CUST00912,Customer 0912,Enterprise,South,Bronze,2017-06-09
CUST01889,Customer 1889,Consumer,South,Platinum,2016-01-18
CUST01599,Customer 1599,SMB,East,Bronze,2020-02-26
CUST00749,Customer 0749,Consumer,West,Silver,2018-10-22
CUST04914,Customer 4914,SMB,South,Silver,2021-08-19
CUST04173,Customer 4173,SMB,West,Bronze,2023-09-22
CUST02029,Customer 2029,Corporate,North,Platinum,2015-05-19
CUST03206,Customer 3206,SMB,East,Gold,2016-12-31
CUST03184,Customer 3184,Corporate,North,Bronze,2016-04-17
CUST04446,Customer 4446,Corporate,West,Silver,2023-12-15
CUST03882,Customer 3882,Enterprise,East,Gold,2020-06-10
CUST02820,Customer 2820,SMB,North,Bronze,2019-02-15
CUST02753,Customer 2753,SMB,South,Silver,2016-06-27
CUST00274,Customer 0274,Enterprise,West,Gold,2015-08-12
CUST03270,Customer 3270,Corporate,South,Bronze,2023-09-28
CUST00362,Customer 0362,Consumer,East,Bronze,2022-08-24
CUST03640,Customer 3640,Corporate,East,Silver,2022-11-09
CUST02139,Customer 2139,SMB,North,Bronze,2015-11-13
CUST00275,Customer 0275,Consumer,North,Silver,2015-10-23
CUST00435,Customer 0435,SMB,West,Bronze,2023-03-12
CUST00897,Customer 0897,SMB,South,Silver,2015-03-25
CUST03191,Customer 3191,SMB,West,Platinum,2024-03-11
CUST02322,Customer 2322,SMB,North,Bronze,2015-10-02
CUST04628,Customer 4628,Corporate,East,Bronze,2020-05-14
CUST02557,Customer 2557,Consumer,South,Silver,2022-03-01
CUST04908,Customer 4908,SMB,East,Bronze,2023-12-23
CUST03177,Customer 3177,Corporate,West,Bronze,2021-03-01
CUST03867,Customer 3867,Consumer,South,Gold,2023-12-03
CUST04373,Customer 4373,Corporate,East,Bronze,2024-05-12
CUST03971,Customer 3971,SMB,North,Silver,2023-06-09
CUST02161,Customer 2161,SMB,South,Bronze,2016-12-06
CUST01691,Customer 1691,Corporate,North,Gold,2022-11-18
CUST04225,Customer 4225,Enterprise,West,Silver,2023-02-25
CUST04101,Customer 4101,Enterprise,North,Silver,2017-03-08
CUST00696,Customer 0696,SMB,South,Bronze,2015-10-04
CUST03572,Customer 3572,SMB,East,Bronze,2016-12-16
CUST04998,Customer 4998,SMB,East,Bronze,2018-05-18
CUST04912,Customer 4912,Corporate,South,Bronze,2017-03-08
CUST04476,Customer 4476,SMB,North,Gold,2017-03-25
CUST01415,Customer 1415,Corporate,North,Silver,2023-07-27
CUST03841,Customer 3841,Enterprise,East,Silver,2019-07-03
CUST02924,Customer 2924,Corporate,East,Bronze,2019-05-10
CUST00759,Customer 0759,Corporate,West,Bronze,2024-12-04
CUST03594,Customer 3594,Corporate,East,Bronze,2019-04-01
CUST03837,Customer 3837,Consumer,North,Bronze,2020-02-17
CUST01886,Customer 1886,Corporate,North,Silver,2023-08-17
CUST02177,Customer 2177,SMB,East,Bronze,2022-05-29
CUST00190,Customer 0190,SMB,East,Bronze,2022-06-29
CUST02766,Customer 2766,Consumer,West,Bronze,2021-03-02
CUST03558,Customer 3558,Consumer,North,Gold,2018-06-12
CUST02221,Customer 2221,Consumer,North,Bronze,2024-02-05
CUST03846,Customer 3846,Corporate,North,Silver,2020-05-15
CUST04816,Customer 4816,Enterprise,East,Bronze,2016-10-22
CUST04457,Customer 4457,Consumer,East,Silver,2015-02-21
CUST02990,Customer 2990,Consumer,West,Bronze,2016-11-16
CUST01855,Customer 1855,Enterprise,South,Silver,2017-05-07
CUST04008,Customer 4008,SMB,South,Bronze,2023-02-28
CUST03133,Customer 3133,Consumer,East,Bronze,2019-03-22
CUST02375,Customer 2375,Enterprise,South,Gold,2018-08-26
CUST03679,Customer 3679,SMB,South,Bronze,2016-12-15
CUST01081,Customer 1081,Enterprise,North,Bronze,2020-11-24
CUST02685,Customer 2685,Consumer,East,Silver,2022-03-22
CUST03830,Customer 3830,Consumer,West,Silver,2018-05-10
CUST01129,Customer 1129,Consumer,East,Bronze,2018-11-13
CUST03140,Customer 3140,Consumer,West,Bronze,2021-04-06
CUST04199,Customer 4199,Corporate,South,Bronze,2024-05-11
CUST04043,Customer 4043,Corporate,South,Gold,2015-07-18
CUST03969,Customer 3969,SMB,West,Silver,2018-07-28
CUST04848,Customer 4848,SMB,West,Bronze,2020-09-16
CUST01241,Customer 1241,Corporate,West,Silver,2023-08-21
CUST02523,Customer 2523,SMB,East,Silver,2015-05-13
CUST00432,Customer 0432,Consumer,East,Bronze,2020-03-19
CUST04557,Customer 4557,Consumer,North,Silver,2020-03-01
CUST01232,Customer 1232,Enterprise,South,Silver,2019-03-06
CUST01058,Customer 1058,SMB,South,Bronze,2018-07-29
CUST02971,Customer 2971,SMB,North,Bronze,2020-11-29
CUST00633,Customer 0633,Corporate,South,Gold,2022-09-13
CUST02318,Customer 2318,Enterprise,West,Silver,2021-06-06
CUST04847,Customer 4847,SMB,North,Bronze,2019-07-03
CUST02912,Customer 2912,Corporate,West,Gold,2022-05-15
CUST01756,Customer 1756,Enterprise,South,Silver,2023-06-23
CUST04576,Customer 4576,Consumer,East,Gold,2023-09-14
CUST01692,Customer 1692,Enterprise,South,Gold,2020-07-16
CUST01555,Customer 1555,Corporate,West,Bronze,2024-12-19
CUST00044,Customer 0044,Enterprise,North,Gold,2016-02-08
CUST03069,Customer 3069,SMB,West,Silver,2018-09-16
CUST01445,Customer 1445,SMB,East,Bronze,2019-12-27
CUST00625,Customer 0625,Enterprise,North,Bronze,2018-07-10
CUST01495,Customer 1495,Consumer,West,Silver,2017-07-26
CUST02326,Customer 2326,Consumer,East,Silver,2022-06-10
CUST04048,Customer 4048,SMB,South,Gold,2021-09-17
CUST01280,Customer 1280,Consumer,South,Gold,2015-06-28
CUST01802,Customer 1802,Consumer,North,Bronze,2015-07-24
CUST03817,Customer 3817,Enterprise,East,Bronze,2021-01-11
CUST00885,Customer 0885,SMB,East,Bronze,2022-05-16
CUST01471,Customer 1471,SMB,South,Bronze,2023-02-23
CUST03260,Customer 3260,Consumer,West,Silver,2018-12-06
CUST00009,Customer 0009,Enterprise,North,Bronze,2016-03-30
CUST01412,Customer 1412,Corporate,West,Bronze,2022-10-25
CUST00548,Customer 0548,Corporate,East,Silver,2018-06-08
CUST03628,Customer 3628,Corporate,West,Bronze,2015-07-20
CUST01947,Customer 1947,Corporate,South,Gold,2015-05-22
CUST04952,Customer 4952,SMB,West,Gold,2020-03-17
CUST03847,Customer 3847,Corporate,North,Silver,2017-04-12
CUST01951,Customer 1951,Consumer,East,Gold,2023-10-16
CUST04323,Customer 4323,SMB,North,Silver,2023-01-17
CUST02254,Customer 2254,Enterprise,North,Silver,2015-12-25
CUST01010,Customer 1010,Consumer,North,Platinum,2015-03-22
CUST04733,Customer 4733,Corporate,North,Bronze,2018-01-26
CUST01865,Customer 1865,SMB,South,Bronze,2022-08-06
CUST00018,Customer 0018,Consumer,South,Silver,2015-01-23
CUST02765,Customer 2765,SMB,West,Bronze,2021-02-23
CUST00065,Customer 0065,SMB,South,Bronze,2017-03-07
CUST02385,Customer 2385,Corporate,South,Bronze,2015-07-21
CUST03550,Customer 3550,Corporate,South,Silver,2015-04-17
CUST03715,Customer 3715,Consumer,South,Bronze,2019-04-17
CUST02420,Customer 2420,Corporate,West,Bronze,2024-11-29
CUST01307,Customer 1307,Consumer,South,Silver,2022-05-30
CUST04586,Customer 4586,Enterprise,North,Silver,2017-10-16
CUST04495,Customer 4495,SMB,South,Silver,2017-06-27
CUST04265,Customer 4265,Consumer,South,Bronze,2023-12-12
CUST02450,Customer 2450,Consumer,North,Silver,2022-02-03
CUST01941,Customer 1941,Corporate,North,Bronze,2020-04-21
CUST04004,Customer 4004,Corporate,East,Bronze,2022-02-04
CUST01707,Customer 1707,Consumer,North,Silver,2019-12-14
CUST04420,Customer 4420,SMB,West,Bronze,2021-11-01
CUST02927,Customer 2927,Consumer,West,Silver,2018-08-25
CUST04044,Customer 4044,Enterprise,East,Gold,2018-12-25
CUST00745,Customer 0745,Corporate,North,Bronze,2015-07-29
CUST03469,Customer 3469,Enterprise,East,Gold,2017-04-02
CUST00554,Customer 0554,Corporate,South,Silver,2024-04-28
CUST04312,Customer 4312,SMB,North,Bronze,2022-07-10
CUST00640,Customer 0640,Enterprise,South,Platinum,2019-11-11
CUST00597,Customer 0597,SMB,East,Gold,2024-08-25
CUST00011,Customer 0011,Enterprise,East,Bronze,2019-10-23
CUST01216,Customer 1216,Enterprise,South,Silver,2019-03-19
CUST02099,Customer 2099,Enterprise,West,Silver,2016-09-05
CUST02704,Customer 2704,Consumer,North,Bronze,2018-08-11
CUST02495,Customer 2495,Enterprise,South,Silver,2020-08-15
CUST00545,Customer 0545,Corporate,West,Bronze,2016-12-02
CUST00527,Customer 0527,Enterprise,East,Bronze,2023-09-26
CUST01223,Customer 1223,SMB,East,Silver,2022-02-25
CUST04153,Customer 4153,Corporate,South,Platinum,2016-11-12
CUST00521,Customer 0521,Corporate,East,Gold,2019-02-05
CUST00810,Customer 0810,Corporate,North,Bronze,2020-03-13
CUST03379,Customer 3379,SMB,West,Silver,2018-07-27
CUST03288,Customer 3288,Consumer,East,Silver,2022-07-30
CUST04110,Customer 4110,Consumer,West,Bronze,2021-10-13
CUST03409,Customer 3409,Consumer,West,Silver,2018-01-20
CUST04764,Customer 4764,Consumer,West,Bronze,2022-08-19
CUST01986,Customer 1986,Enterprise,East,Silver,2017-07-18
CUST04287,Customer 4287,Enterprise,North,Silver,2015-03-10
CUST00616,Customer 0616,Consumer,North,Silver,2024-05-18
CUST01230,Customer 1230,Enterprise,East,Platinum,2023-09-08
CUST00538,Customer 0538,SMB,East,Silver,2024-10-02
CUST01733,Customer 1733,Corporate,South,Bronze,2015-02-03
CUST00925,Customer 0925,Enterprise,South,Gold,2015-12-21
CUST04899,Customer 4899,Consumer,West,Silver,2021-05-27
CUST00068,Customer 0068,Corporate,West,Silver,2024-05-08
CUST00979,Customer 0979,Corporate,West,Silver,2023-01-12
CUST03493,Customer 3493,Corporate,East,Bronze,2024-03-20
CUST00423,Customer 0423,Enterprise,North,Bronze,2015-03-26
CUST02642,Customer 2642,Consumer,West,Silver,2020-11-19
CUST01077,Customer 1077,Consumer,West,Gold,2022-10-16
CUST03751,Customer 3751,Consumer,North,Bronze,2016-10-04
CUST01018,Customer 1018,SMB,East,Silver,2024-09-12
CUST01497,Customer 1497,Enterprise,South,Gold,2017-05-07
CUST00972,Customer 0972,SMB,South,Bronze,2016-01-10
CUST00933,Customer 0933,Enterprise,North,Silver,2019-11-26
CUST00010,Customer 0010,Corporate,South,Bronze,2022-11-04
CUST01112,Customer 1112,SMB,North,Gold,2024-05-16
CUST02515,Customer 2515,Consumer,North,Bronze,2015-07-12
CUST02783,Customer 2783,SMB,North,Silver,2017-07-18
CUST04051,Customer 4051,Corporate,South,Silver,2020-11-27
CUST01236,Customer 1236,Enterprise,West,Bronze,2021-10-09
CUST01696,Customer 1696,SMB,East,Bronze,2017-04-01
CUST02518,Customer 2518,SMB,South,Gold,2016-06-23
CUST01637,Customer 1637,Corporate,North,Bronze,2016-12-06
CUST03153,Customer 3153,Enterprise,East,Silver,2021-10-19
CUST00199,Customer 0199,Enterprise,North,Bronze,2024-06-17
CUST04174,Customer 4174,SMB,West,Bronze,2024-11-04
CUST01279,Customer 1279,Consumer,East,Bronze,2015-05-12
CUST01791,Customer 1791,Enterprise,West,Silver,2016-07-07
CUST04204,Customer 4204,Consumer,West,Bronze,2016-11-28
CUST02096,Customer 2096,Corporate,South,Gold,2016-08-24
CUST03492,Customer 3492,Enterprise,East,Bronze,2023-10-02
CUST01825,Customer 1825,Enterprise,North,Gold,2019-10-25
CUST00003,Customer 0003,Corporate,South,Silver,2018-12-01
CUST03578,Customer 3578,Corporate,South,Bronze,2022-09-13
CUST02052,Customer 2052,Enterprise,West,Gold,2019-11-26
CUST03539,Customer 3539,Corporate,North,Bronze,2018-11-06
CUST04472,Customer 4472,Corporate,North,Gold,2021-07-02
CUST03310,Customer 3310,Enterprise,South,Bronze,2019-10-19
CUST00830,Customer 0830,Enterprise,South,Platinum,2024-03-17
CUST02258,Customer 2258,Consumer,North,Bronze,2022-12-18
CUST04829,Customer 4829,SMB,South,Gold,2017-12-26
CUST00795,Customer 0795,Enterprise,North,Platinum,2022-01-14
CUST01076,Customer 1076,Corporate,East,Bronze,2020-12-04
CUST04003,Customer 4003,SMB,South,Bronze,2015-09-13
CUST03145,Customer 3145,Corporate,East,Bronze,2018-12-03
CUST03008,Customer 3008,SMB,North,Gold,2015-05-11
CUST03130,Customer 3130,SMB,West,Bronze,2019-10-18
CUST03925,Customer 3925,Enterprise,North,Bronze,2019-04-20
CUST01511,Customer 1511,Consumer,North,Silver,2020-11-30
CUST02591,Customer 2591,Consumer,South,Silver,2021-02-21
CUST04162,Customer 4162,Consumer,West,Silver,2017-05-19
CUST03392,Customer 3392,Consumer,South,Gold,2024-11-13
CUST04520,Customer 4520,SMB,West,Bronze,2018-05-19
CUST01645,Customer 1645,Corporate,East,Silver,2015-12-27
CUST01199,Customer 1199,SMB,West,Bronze,2016-04-19
CUST03040,Customer 3040,Enterprise,North,Silver,2024-09-17
CUST02993,Customer 2993,Enterprise,East,Silver,2023-11-03
CUST02038,Customer 2038,Enterprise,South,Platinum,2019-09-23
CUST03927,Customer 3927,Consumer,North,Bronze,2023-05-11
CUST02360,Customer 2360,SMB,West,Silver,2021-03-10
CUST02418,Customer 2418,Corporate,East,Silver,2018-03-24
CUST00657,Customer 0657,Corporate,North,Gold,2020-05-10
CUST00308,Customer 0308,Consumer,West,Silver,2024-09-07
CUST00289,Customer 0289,Corporate,West,Silver,2020-10-05
CUST03549,Customer 3549,Corporate,South,Silver,2018-08-01
CUST04730,Customer 4730,Consumer,South,Bronze,2016-09-16
CUST01515,Customer 1515,SMB,South,Gold,2023-11-01
CUST03246,Customer 3246,Corporate,East,Bronze,2018-11-13
CUST01014,Customer 1014,Enterprise,East,Silver,2016-09-29
CUST02674,Customer 2674,Corporate,East,Silver,2017-03-05
CUST01910,Customer 1910,Enterprise,East,Bronze,2015-10-07
CUST04787,Customer 4787,Enterprise,North,Bronze,2018-01-30
CUST03789,Customer 3789,Enterprise,West,Bronze,2018-09-17
CUST00826,Customer 0826,SMB,North,Bronze,2021-05-11
CUST04482,Customer 4482,Corporate,North,Gold,2020-09-25
CUST00127,Customer 0127,Consumer,South,Silver,2022-07-17
CUST03393,Customer 3393,SMB,South,Platinum,2019-02-09
CUST00884,Customer 0884,SMB,North,Platinum,2018-08-13
CUST03590,Customer 3590,Consumer,East,Silver,2018-10-29
CUST01630,Customer 1630,Enterprise,North,Bronze,2019-08-31
CUST00841,Customer 0841,Consumer,West,Silver,2023-04-02
CUST03726,Customer 3726,SMB,East,Bronze,2020-02-28
CUST02194,Customer 2194,Consumer,East,Bronze,2023-10-13
CUST00927,Customer 0927,Enterprise,West,Silver,2020-04-27
CUST02758,Customer 2758,Enterprise,North,Bronze,2020-06-02
CUST04010,Customer 4010,Consumer,North,Bronze,2020-03-26
CUST02979,Customer 2979,SMB,South,Silver,2016-03-07
CUST04190,Customer 4190,SMB,South,Bronze,2020-01-06
CUST00908,Customer 0908,SMB,North,Bronze,2022-10-17
CUST04330,Customer 4330,SMB,North,Silver,2016-08-11
CUST02476,Customer 2476,SMB,East,Silver,2017-10-14
CUST01690,Customer 1690,Corporate,West,Silver,2018-06-14
CUST02748,Customer 2748,Consumer,South,Bronze,2017-12-25
CUST03199,Customer 3199,Consumer,North,Bronze,2023-11-25
CUST04962,Customer 4962,Consumer,South,Silver,2016-04-29
CUST02624,Customer 2624,Consumer,South,Silver,2018-11-11
CUST00249,Customer 0249,SMB,East,Bronze,2019-04-13
CUST03103,Customer 3103,SMB,North,Silver,2017-12-25
CUST04159,Customer 4159,SMB,North,Gold,2023-07-21
CUST04014,Customer 4014,Corporate,East,Bronze,2017-02-07
CUST03218,Customer 3218,SMB,East,Silver,2024-03-10
CUST00268,Customer 0268,Consumer,South,Gold,2023-05-20
CUST01963,Customer 1963,Enterprise,South,Gold,2016-12-02
CUST03719,Customer 3719,SMB,West,Bronze,2020-12-31
CUST02771,Customer 2771,Corporate,West,Silver,2021-05-02
CUST01516,Customer 1516,Consumer,West,Bronze,2016-10-14
CUST02036,Customer 2036,Consumer,South,Silver,2023-07-31
CUST03613,Customer 3613,Corporate,South,Bronze,2015-10-24
CUST02270,Customer 2270,Enterprise,West,Gold,2022-12-10
CUST03644,Customer 3644,Consumer,North,Silver,2015-07-25
CUST00124,Customer 0124,Consumer,East,Bronze,2016-11-07
CUST04502,Customer 4502,Corporate,West,Platinum,2023-06-10
CUST00777,Customer 0777,SMB,East,Silver,2021-03-20
CUST02146,Customer 2146,Corporate,East,Bronze,2024-03-31
CUST00176,Customer 0176,Corporate,South,Platinum,2023-05-28
CUST02397,Customer 2397,SMB,East,Bronze,2015-08-19
CUST01452,Customer 1452,Corporate,West,Bronze,2015-08-23
CUST04917,Customer 4917,SMB,North,Platinum,2019-10-06
CUST03225,Customer 3225,Consumer,South,Silver,2016-06-15
CUST01188,Customer 1188,Consumer,West,Silver,2022-10-19
CUST02556,Customer 2556,Corporate,North,Bronze,2023-05-02
CUST04454,Customer 4454,Enterprise,North,Bronze,2018-12-08
CUST04440,Customer 4440,Corporate,West,Silver,2018-02-08
CUST01116,Customer 1116,Enterprise,North,Silver,2015-04-15
CUST01314,Customer 1314,Corporate,West,Bronze,2023-01-09
CUST04377,Customer 4377,Corporate,North,Silver,2020-12-12
CUST01551,Customer 1551,SMB,West,Platinum,2023-07-15
CUST01540,Customer 1540,Corporate,West,Bronze,2016-08-28
CUST02252,Customer 2252,Enterprise,West,Silver,2018-12-22
CUST04320,Customer 4320,Enterprise,West,Bronze,2015-04-18
CUST00033,Customer 0033,Enterprise,West,Silver,2021-03-23
CUST01257,Customer 1257,Corporate,North,Bronze,2017-07-05
CUST04113,Customer 4113,SMB,North,Bronze,2017-11-02
CUST04651,Customer 4651,SMB,North,Silver,2017-12-17
CUST00376,Customer 0376,Enterprise,East,Bronze,2018-10-22
CUST02098,Customer 2098,Consumer,North,Silver,2018-09-07
CUST03285,Customer 3285,Consumer,North,Silver,2024-04-21
CUST02193,Customer 2193,SMB,South,Gold,2018-11-27
CUST03309,Customer 3309,Corporate,North,Silver,2023-03-31
CUST04215,Customer 4215,Corporate,East,Bronze,2017-04-19
CUST02498,Customer 2498,Corporate,East,Silver,2018-02-14
CUST01019,Customer 1019,Corporate,East,Bronze,2019-07-21
CUST04388,Customer 4388,SMB,North,Silver,2017-11-06
CUST01780,Customer 1780,Consumer,South,Bronze,2021-04-08
CUST01309,Customer 1309,Corporate,East,Silver,2021-08-19
CUST01862,Customer 1862,Enterprise,West,Silver,2020-02-28
CUST01424,Customer 1424,Consumer,North,Silver,2018-11-29
CUST03214,Customer 3214,Consumer,East,Bronze,2017-11-15
CUST03790,Customer 3790,Consumer,South,Platinum,2017-10-14
CUST02929,Customer 2929,Enterprise,North,Silver,2020-12-25
CUST01724,Customer 1724,Corporate,North,Silver,2017-12-10
CUST02059,Customer 2059,Enterprise,West,Bronze,2024-03-02
CUST01436,Customer 1436,Consumer,East,Bronze,2016-12-17
CUST00648,Customer 0648,Enterprise,North,Platinum,2019-08-27
CUST03770,Customer 3770,Enterprise,West,Bronze,2020-04-13
CUST00978,Customer 0978,Consumer,West,Bronze,2016-09-23
CUST03425,Customer 3425,Enterprise,North,Gold,2024-02-07
CUST00215,Customer 0215,SMB,West,Gold,2019-12-21
CUST00427,Customer 0427,Enterprise,North,Gold,2023-05-15
CUST00367,Customer 0367,Corporate,South,Bronze,2024-06-26
CUST00543,Customer 0543,SMB,West,Bronze,2021-08-10
CUST03606,Customer 3606,Enterprise,West,Platinum,2016-08-20
CUST01593,Customer 1593,Enterprise,West,Silver,2020-12-16
CUST02617,Customer 2617,Corporate,North,Bronze,2024-01-12
CUST00583,Customer 0583,Enterprise,East,Bronze,2021-07-05
CUST01082,Customer 1082,Enterprise,South,Bronze,2016-07-18
CUST02539,Customer 2539,Enterprise,North,Platinum,2016-01-24
CUST00627,Customer 0627,Corporate,North,Bronze,2018-06-01
CUST04031,Customer 4031,Corporate,West,Bronze,2024-09-29
CUST00988,Customer 0988,Consumer,South,Silver,2021-01-19
CUST02359,Customer 2359,Corporate,West,Bronze,2016-05-28
CUST03700,Customer 3700,Consumer,West,Bronze,2016-03-19
CUST03013,Customer 3013,SMB,West,Silver,2022-01-26
CUST02475,Customer 2475,SMB,North,Bronze,2021-12-03
CUST01993,Customer 1993,SMB,North,Silver,2023-09-03
CUST01795,Customer 1795,Enterprise,East,Bronze,2015-10-10
CUST01088,Customer 1088,Enterprise,East,Silver,2015-11-12
CUST04363,Customer 4363,Consumer,South,Bronze,2020-03-17
CUST02466,Customer 2466,Enterprise,West,Bronze,2019-07-21
CUST04817,Customer 4817,Enterprise,West,Silver,2024-08-04
CUST03047,Customer 3047,Enterprise,North,Gold,2015-09-07
CUST03707,Customer 3707,SMB,South,Bronze,2016-03-28
CUST03171,Customer 3171,SMB,North,Silver,2024-08-08
CUST04534,Customer 4534,Corporate,West,Platinum,2023-08-08
CUST04614,Customer 4614,Enterprise,West,Bronze,2021-03-20
CUST02500,Customer 2500,Enterprise,East,Bronze,2021-03-24
CUST04601,Customer 4601,SMB,East,Silver,2015-12-28
CUST01731,Customer 1731,SMB,North,Silver,2021-12-14
CUST04842,Customer 4842,SMB,East,Silver,2022-10-22
CUST00440,Customer 0440,Consumer,East,Silver,2016-08-30
CUST03476,Customer 3476,Corporate,South,Bronze,2017-03-29
CUST00097,Customer 0097,SMB,West,Gold,2015-06-28
CUST02080,Customer 2080,Enterprise,East,Gold,2017-04-26
CUST03388,Customer 3388,Enterprise,West,Silver,2023-12-10
CUST01514,Customer 1514,Enterprise,West,Platinum,2024-05-23
CUST01861,Customer 1861,SMB,East,Gold,2023-05-15
CUST01183,Customer 1183,Enterprise,East,Bronze,2021-09-22
CUST01090,Customer 1090,Enterprise,West,Bronze,2018-06-20
CUST04156,Customer 4156,Enterprise,West,Silver,2019-05-08
CUST04438,Customer 4438,Corporate,South,Silver,2015-05-22
CUST01245,Customer 1245,Enterprise,East,Bronze,2023-02-18
CUST03144,Customer 3144,Enterprise,South,Bronze,2022-09-25
CUST00375,Customer 0375,Corporate,West,Gold,2015-10-02
CUST04630,Customer 4630,SMB,North,Bronze,2018-08-09
CUST04361,Customer 4361,Corporate,North,Gold,2018-12-31
CUST04066,Customer 4066,Consumer,West,Bronze,2019-05-08
CUST01588,Customer 1588,SMB,North,Silver,2018-09-24
CUST04924,Customer 4924,Enterprise,East,Gold,2020-12-25
CUST04622,Customer 4622,Consumer,West,Bronze,2020-05-18
CUST04108,Customer 4108,Enterprise,West,Silver,2016-04-03
CUST01770,Customer 1770,Corporate,East,Silver,2023-12-12
CUST01959,Customer 1959,SMB,North,Bronze,2021-01-06
CUST00150,Customer 0150,Enterprise,West,Bronze,2018-05-25
CUST04416,Customer 4416,Consumer,West,Bronze,2022-03-17
CUST03181,Customer 3181,SMB,East,Silver,2015-10-27
CUST04550,Customer 4550,Enterprise,South,Bronze,2024-02-29
CUST02512,Customer 2512,Enterprise,North,Bronze,2016-11-14
CUST01482,Customer 1482,SMB,West,Bronze,2021-01-08
CUST01000,Customer 1000,Enterprise,West,Silver,2023-11-06
CUST04711,Customer 4711,Corporate,South,Platinum,2017-06-21
CUST04781,Customer 4781,Enterprise,East,Bronze,2021-09-15
CUST00515,Customer 0515,SMB,South,Gold,2019-10-28
CUST03642,Customer 3642,Corporate,South,Bronze,2021-12-20
CUST04160,Customer 4160,Consumer,East,Bronze,2023-08-05
CUST03758,Customer 3758,Enterprise,North,Bronze,2020-12-13
CUST03663,Customer 3663,Corporate,South,Bronze,2024-02-21
CUST01726,Customer 1726,SMB,North,Silver,2018-11-03
CUST03276,Customer 3276,SMB,West,Bronze,2016-12-05
CUST03180,Customer 3180,SMB,West,Bronze,2018-03-01
CUST04293,Customer 4293,Enterprise,East,Silver,2024-02-28
CUST02824,Customer 2824,Enterprise,South,Silver,2016-03-15
CUST04252,Customer 4252,Corporate,East,Bronze,2015-11-17
CUST01400,Customer 1400,Enterprise,East,Gold,2018-02-03
CUST02928,Customer 2928,SMB,North,Bronze,2022-05-27
CUST01741,Customer 1741,Consumer,East,Gold,2022-12-19
CUST01091,Customer 1091,SMB,East,Bronze,2016-08-04
CUST03050,Customer 3050,Consumer,West,Gold,2024-06-11
CUST04318,Customer 4318,Enterprise,East,Platinum,2018-12-11
CUST04920,Customer 4920,SMB,West,Bronze,2017-03-14
CUST02961,Customer 2961,Corporate,South,Silver,2020-10-05
CUST00067,Customer 0067,Consumer,South,Bronze,2015-07-15
CUST03000,Customer 3000,Corporate,North,Silver,2018-01-01
CUST04644,Customer 4644,Corporate,West,Silver,2023-07-15
CUST02826,Customer 2826,Corporate,East,Bronze,2016-06-04
CUST04921,Customer 4921,Consumer,North,Silver,2022-03-28
CUST03673,Customer 3673,Consumer,East,Bronze,2015-01-03
CUST00674,Customer 0674,Corporate,South,Gold,2017-09-13
CUST04541,Customer 4541,SMB,South,Bronze,2024-01-25
CUST00540,Customer 0540,Enterprise,East,Bronze,2015-10-18
CUST01761,Customer 1761,Corporate,West,Bronze,2022-02-25
CUST02337,Customer 2337,Enterprise,West,Bronze,2015-10-13
CUST03696,Customer 3696,SMB,North,Silver,2018-10-03
CUST01154,Customer 1154,SMB,North,Silver,2018-04-04
CUST04523,Customer 4523,Enterprise,South,Bronze,2017-04-30
CUST03880,Customer 3880,Corporate,West,Platinum,2024-03-16
CUST00654,Customer 0654,Enterprise,West,Bronze,2023-09-19
CUST01999,Customer 1999,SMB,West,Silver,2016-11-13
CUST02436,Customer 2436,Consumer,West,Bronze,2022-05-17
CUST03850,Customer 3850,SMB,South,Silver,2018-07-16
CUST04257,Customer 4257,Enterprise,South,Platinum,2015-04-22
CUST04413,Customer 4413,SMB,South,Silver,2024-05-31
CUST01055,Customer 1055,Corporate,South,Silver,2017-10-25
CUST03932,Customer 3932,Enterprise,West,Silver,2015-01-02
CUST04753,Customer 4753,Consumer,West,Bronze,2023-03-22
CUST01213,Customer 1213,Corporate,West,Gold,2020-01-15
CUST00477,Customer 0477,Enterprise,East,Silver,2020-01-16
CUST01787,Customer 1787,Enterprise,South,Bronze,2015-05-08
CUST00346,Customer 0346,SMB,North,Gold,2023-03-27
CUST01375,Customer 1375,Enterprise,East,Bronze,2016-01-19
CUST02230,Customer 2230,Enterprise,North,Silver,2019-02-04
CUST00253,Customer 0253,Corporate,East,Silver,2018-12-24
CUST02840,Customer 2840,Corporate,South,Bronze,2018-08-24
CUST04696,Customer 4696,Corporate,South,Gold,2018-02-20
CUST03498,Customer 3498,Consumer,East,Bronze,2015-01-28
CUST01284,Customer 1284,Consumer,West,Silver,2016-05-29
CUST00676,Customer 0676,Enterprise,North,Bronze,2016-09-14
CUST00162,Customer 0162,SMB,South,Gold,2022-05-02
CUST01008,Customer 1008,Corporate,South,Gold,2016-07-21
CUST00408,Customer 0408,SMB,North,Silver,2020-07-02
CUST02233,Customer 2233,Consumer,West,Bronze,2023-10-02
CUST01839,Customer 1839,Consumer,South,Bronze,2019-12-08
CUST00103,Customer 0103,Corporate,West,Silver,2024-03-31
CUST01606,Customer 1606,Consumer,North,Silver,2018-05-04
CUST00352,Customer 0352,SMB,East,Silver,2019-05-20
CUST02544,Customer 2544,SMB,South,Bronze,2018-04-05
CUST04668,Customer 4668,Consumer,North,Platinum,2021-06-30
CUST02296,Customer 2296,Enterprise,West,Silver,2023-10-29
CUST03223,Customer 3223,SMB,North,Silver,2020-07-22
CUST04450,Customer 4450,SMB,North,Silver,2020-10-31
CUST02550,Customer 2550,Consumer,North,Silver,2016-04-14
CUST00715,Customer 0715,Corporate,East,Gold,2022-12-22
CUST00254,Customer 0254,SMB,East,Silver,2021-06-24
CUST02180,Customer 2180,SMB,West,Bronze,2024-06-06
CUST04425,Customer 4425,Enterprise,West,Silver,2022-07-19
CUST00836,Customer 0836,Enterprise,East,Bronze,2021-04-27
CUST03955,Customer 3955,Consumer,South,Silver,2017-07-17
CUST02255,Customer 2255,Consumer,South,Silver,2021-09-16
CUST01782,Customer 1782,Enterprise,North,Bronze,2021-11-04
CUST02876,Customer 2876,Enterprise,North,Silver,2024-07-15
CUST02104,Customer 2104,SMB,West,Gold,2021-05-24
CUST04591,Customer 4591,Consumer,South,Bronze,2022-06-09
CUST03986,Customer 3986,Enterprise,North,Bronze,2023-10-20
CUST01344,Customer 1344,SMB,East,Silver,2024-09-08
CUST01985,Customer 1985,SMB,West,Silver,2022-10-04
CUST00969,Customer 0969,Corporate,South,Bronze,2021-09-08
CUST02879,Customer 2879,SMB,East,Bronze,2015-11-17
CUST04034,Customer 4034,Consumer,South,Bronze,2023-09-28
CUST00465,Customer 0465,SMB,West,Platinum,2022-06-09
CUST00380,Customer 0380,SMB,East,Silver,2020-06-12
CUST02447,Customer 2447,SMB,West,Bronze,2021-01-04
CUST01774,Customer 1774,Corporate,North,Bronze,2018-02-10
CUST00563,Customer 0563,Consumer,South,Silver,2021-10-14
CUST04984,Customer 4984,Corporate,West,Bronze,2024-09-26
CUST03338,Customer 3338,Consumer,North,Bronze,2016-05-30
CUST00961,Customer 0961,Consumer,East,Bronze,2018-08-09
CUST03470,Customer 3470,SMB,East,Platinum,2017-04-14
CUST04967,Customer 4967,SMB,West,Gold,2021-07-21
CUST03068,Customer 3068,SMB,North,Bronze,2024-12-09
CUST04954,Customer 4954,Corporate,South,Bronze,2016-08-22
CUST00230,Customer 0230,SMB,North,Silver,2018-01-04
CUST02283,Customer 2283,Consumer,West,Bronze,2015-09-20
CUST04078,Customer 4078,Corporate,East,Bronze,2024-04-22
CUST03791,Customer 3791,Enterprise,West,Gold,2015-12-28
CUST04327,Customer 4327,Corporate,East,Bronze,2022-07-07
CUST04493,Customer 4493,Corporate,North,Bronze,2015-03-23
CUST00907,Customer 0907,Corporate,West,Silver,2023-07-17
CUST00062,Customer 0062,Corporate,West,Silver,2015-01-14
CUST01123,Customer 1123,Enterprise,North,Gold,2017-10-07
CUST04950,Customer 4950,Consumer,East,Gold,2016-06-11
CUST04631,Customer 4631,SMB,South,Silver,2024-10-06
CUST04249,Customer 4249,Corporate,West,Silver,2020-08-08
CUST03323,Customer 3323,Enterprise,South,Bronze,2024-12-19
CUST00410,Customer 0410,SMB,North,Silver,2018-05-11
CUST02838,Customer 2838,Corporate,West,Bronze,2024-05-28
CUST00083,Customer 0083,SMB,North,Silver,2018-03-24
CUST03695,Customer 3695,SMB,South,Gold,2024-05-21
CUST02956,Customer 2956,SMB,West,Bronze,2022-10-17
CUST03016,Customer 3016,Enterprise,South,Gold,2019-04-16
CUST00959,Customer 0959,SMB,West,Silver,2019-11-22
CUST00447,Customer 0447,Enterprise,East,Gold,2024-03-18
CUST00305,Customer 0305,Corporate,East,Bronze,2017-11-17
CUST03296,Customer 3296,Corporate,East,Silver,2019-03-05
CUST04369,Customer 4369,Consumer,East,Silver,2018-03-02
CUST03940,Customer 3940,Corporate,South,Platinum,2019-06-03
CUST02142,Customer 2142,Consumer,North,Silver,2015-12-19
CUST03343,Customer 3343,Enterprise,East,Bronze,2016-08-24
CUST01768,Customer 1768,Corporate,South,Bronze,2019-08-31
CUST00321,Customer 0321,Consumer,South,Silver,2019-01-09
CUST04756,Customer 4756,Enterprise,West,Bronze,2019-11-01
CUST00480,Customer 0480,Enterprise,West,Bronze,2021-03-14
CUST04134,Customer 4134,Corporate,West,Silver,2018-11-28
CUST02349,Customer 2349,Corporate,West,Gold,2021-06-25
CUST02720,Customer 2720,SMB,North,Silver,2022-06-14
CUST00195,Customer 0195,Corporate,East,Bronze,2018-12-28
CUST00191,Customer 0191,Consumer,East,Silver,2019-12-18
CUST01167,Customer 1167,SMB,West,Platinum,2016-06-06
CUST01043,Customer 1043,Enterprise,South,Bronze,2017-09-26
CUST03237,Customer 3237,Enterprise,North,Silver,2020-10-13
CUST04500,Customer 4500,SMB,West,Bronze,2024-07-21
CUST03301,Customer 3301,Consumer,East,Bronze,2024-03-27
CUST04268,Customer 4268,Enterprise,East,Silver,2023-08-22
CUST03105,Customer 3105,Corporate,West,Silver,2022-11-06
CUST01271,Customer 1271,Consumer,North,Gold,2016-12-14
CUST00406,Customer 0406,SMB,South,Silver,2019-08-14
CUST03958,Customer 3958,Consumer,East,Silver,2018-01-22
CUST04892,Customer 4892,Enterprise,North,Bronze,2017-03-03
CUST04092,Customer 4092,Consumer,North,Bronze,2021-11-21
CUST00403,Customer 0403,Enterprise,West,Bronze,2015-03-02
CUST00800,Customer 0800,Corporate,South,Gold,2019-10-18
CUST04027,Customer 4027,SMB,East,Silver,2019-10-06
CUST00505,Customer 0505,Corporate,West,Silver,2015-08-04
CUST02835,Customer 2835,Corporate,East,Silver,2016-03-30
CUST03519,Customer 3519,SMB,East,Silver,2022-11-15
CUST00459,Customer 0459,Corporate,North,Silver,2020-05-21
CUST03630,Customer 3630,Corporate,South,Platinum,2020-04-08
CUST00280,Customer 0280,Corporate,West,Bronze,2015-04-14
CUST00534,Customer 0534,SMB,West,Gold,2021-09-09
CUST03919,Customer 3919,Consumer,North,Bronze,2023-12-02
CUST04182,Customer 4182,Consumer,West,Bronze,2022-11-01
CUST04574,Customer 4574,Enterprise,West,Bronze,2023-06-17
CUST04193,Customer 4193,Consumer,West,Silver,2017-04-12
CUST02804,Customer 2804,Corporate,South,Gold,2017-01-23
CUST01914,Customer 1914,SMB,West,Silver,2015-02-14
CUST02559,Customer 2559,Enterprise,West,Silver,2016-07-05
CUST00499,Customer 0499,Enterprise,East,Bronze,2018-02-04
CUST02427,Customer 2427,Enterprise,North,Bronze,2018-11-24
CUST02565,Customer 2565,Consumer,South,Bronze,2024-01-31
CUST03699,Customer 3699,Corporate,East,Bronze,2018-08-05
CUST01125,Customer 1125,Enterprise,West,Gold,2023-08-16
CUST04404,Customer 4404,Consumer,West,Bronze,2020-11-24
CUST00626,Customer 0626,Enterprise,West,Silver,2020-03-16
CUST01576,Customer 1576,SMB,North,Bronze,2023-12-19
CUST00886,Customer 0886,Enterprise,West,Silver,2021-01-08
CUST04202,Customer 4202,Consumer,North,Silver,2018-02-07
CUST02107,Customer 2107,Enterprise,West,Silver,2023-11-30
CUST00667,Customer 0667,Corporate,West,Gold,2019-02-19
CUST01481,Customer 1481,Corporate,South,Bronze,2023-08-27
CUST01260,Customer 1260,SMB,West,Bronze,2024-10-02
CUST03810,Customer 3810,Corporate,West,Gold,2015-02-06
CUST01541,Customer 1541,SMB,West,Bronze,2020-05-02
CUST04528,Customer 4528,Consumer,North,Bronze,2019-08-01
CUST02066,Customer 2066,Enterprise,North,Bronze,2019-12-31
CUST04844,Customer 4844,Enterprise,East,Bronze,2017-01-17
CUST04151,Customer 4151,SMB,East,Gold,2020-12-11
CUST01905,Customer 1905,SMB,South,Bronze,2016-01-24
CUST01319,Customer 1319,Consumer,North,Bronze,2018-12-25
CUST01377,Customer 1377,Corporate,East,Bronze,2018-10-06
CUST01104,Customer 1104,Corporate,North,Bronze,2021-11-26
CUST02509,Customer 2509,Corporate,East,Gold,2021-11-27
CUST02985,Customer 2985,Corporate,West,Bronze,2016-10-07
CUST03402,Customer 3402,Enterprise,North,Gold,2018-07-16
CUST02845,Customer 2845,Corporate,East,Bronze,2019-08-06
CUST02813,Customer 2813,Corporate,West,Bronze,2019-06-23
CUST02770,Customer 2770,SMB,East,Silver,2022-04-15
CUST00347,Customer 0347,Consumer,North,Bronze,2016-05-02
CUST02386,Customer 2386,Corporate,North,Silver,2018-11-11
CUST04627,Customer 4627,Enterprise,South,Silver,2021-03-01
CUST03720,Customer 3720,SMB,East,Platinum,2024-10-09
CUST01543,Customer 1543,SMB,East,Bronze,2023-10-31
CUST04695,Customer 4695,Enterprise,North,Silver,2016-08-08
CUST01362,Customer 1362,Corporate,East,Bronze,2020-02-03
CUST00573,Customer 0573,Enterprise,East,Silver,2023-02-08
CUST02063,Customer 2063,Consumer,East,Silver,2024-02-23
CUST00223,Customer 0223,SMB,East,Silver,2018-03-29
CUST01922,Customer 1922,Enterprise,South,Bronze,2020-02-22
CUST03565,Customer 3565,Corporate,West,Bronze,2021-05-02
CUST04245,Customer 4245,SMB,South,Silver,2024-07-25
CUST03349,Customer 3349,Corporate,West,Bronze,2022-09-12
CUST04732,Customer 4732,Corporate,East,Silver,2017-04-28
CUST01152,Customer 1152,SMB,South,Silver,2017-11-01
CUST03488,Customer 3488,Consumer,West,Silver,2019-01-27
CUST02496,Customer 2496,SMB,West,Bronze,2015-02-08
CUST01419,Customer 1419,Enterprise,East,Bronze,2015-02-04
CUST03972,Customer 3972,Enterprise,North,Silver,2022-08-20
CUST00039,Customer 0039,Consumer,West,Silver,2022-03-13
CUST02757,Customer 2757,SMB,North,Bronze,2020-04-04
CUST04405,Customer 4405,Enterprise,East,Gold,2015-09-09
CUST01815,Customer 1815,Corporate,East,Platinum,2020-12-17
CUST02374,Customer 2374,Corporate,South,Bronze,2021-09-13
CUST03793,Customer 3793,Consumer,North,Gold,2016-04-23
CUST00487,Customer 0487,Consumer,North,Bronze,2020-02-28
CUST04811,Customer 4811,Corporate,South,Platinum,2023-06-20
CUST00859,Customer 0859,SMB,East,Silver,2018-03-03
CUST01818,Customer 1818,Consumer,South,Silver,2021-02-01
CUST04365,Customer 4365,Enterprise,North,Bronze,2024-02-14
CUST03639,Customer 3639,Enterprise,South,Bronze,2022-07-16
CUST04487,Customer 4487,Corporate,South,Bronze,2015-02-05
CUST01158,Customer 1158,Enterprise,South,Gold,2022-09-06
CUST00857,Customer 0857,SMB,North,Silver,2019-04-08
CUST04501,Customer 4501,Enterprise,West,Bronze,2016-03-22
CUST02241,Customer 2241,Consumer,West,Bronze,2024-02-26
CUST03333,Customer 3333,Corporate,West,Bronze,2015-11-14
CUST04088,Customer 4088,Corporate,East,Gold,2019-09-19
CUST03759,Customer 3759,SMB,West,Silver,2022-09-09
CUST00028,Customer 0028,Consumer,North,Bronze,2021-03-16
CUST04972,Customer 4972,SMB,North,Bronze,2017-10-28
CUST03796,Customer 3796,Enterprise,North,Silver,2020-06-04
CUST02508,Customer 2508,Consumer,West,Bronze,2015-03-14
CUST02950,Customer 2950,Consumer,North,Silver,2021-04-21
CUST01227,Customer 1227,Corporate,West,Bronze,2018-06-15
CUST03437,Customer 3437,Corporate,South,Gold,2019-09-14
CUST03579,Customer 3579,SMB,East,Silver,2022-09-21
CUST04729,Customer 4729,SMB,North,Bronze,2024-10-14
CUST00982,Customer 0982,Consumer,West,Bronze,2021-12-09
CUST04150,Customer 4150,Consumer,East,Gold,2017-09-07
CUST03801,Customer 3801,SMB,West,Silver,2021-08-25
CUST01308,Customer 1308,Enterprise,North,Gold,2020-09-29
CUST02279,Customer 2279,Consumer,West,Bronze,2021-02-22
CUST02809,Customer 2809,Corporate,West,Bronze,2021-12-11
CUST04176,Customer 4176,Enterprise,South,Gold,2017-01-13
CUST00917,Customer 0917,Corporate,East,Silver,2024-12-15
CUST00213,Customer 0213,Enterprise,East,Bronze,2015-06-17
CUST01762,Customer 1762,SMB,North,Bronze,2018-12-04
CUST03653,Customer 3653,Consumer,East,Silver,2016-09-11
CUST04040,Customer 4040,Enterprise,North,Gold,2022-10-06
CUST01790,Customer 1790,Enterprise,East,Bronze,2022-11-23
CUST03645,Customer 3645,Enterprise,West,Bronze,2022-11-18
CUST01201,Customer 1201,Enterprise,South,Bronze,2018-11-14
CUST04777,Customer 4777,SMB,West,Silver,2017-01-28
CUST01663,Customer 1663,Enterprise,West,Silver,2015-09-03
CUST03870,Customer 3870,SMB,North,Bronze,2022-08-10
CUST04619,Customer 4619,Consumer,West,Silver,2022-10-19
CUST00445,Customer 0445,Corporate,North,Bronze,2017-06-05
CUST02391,Customer 2391,Consumer,North,Bronze,2021-09-15
CUST03826,Customer 3826,Corporate,North,Bronze,2019-07-09
CUST02451,Customer 2451,Consumer,South,Silver,2016-10-29
CUST04097,Customer 4097,Enterprise,West,Bronze,2016-08-21
CUST02640,Customer 2640,Corporate,North,Silver,2020-04-30
CUST01459,Customer 1459,SMB,West,Silver,2020-03-11
CUST02106,Customer 2106,Corporate,West,Bronze,2016-02-25
CUST02899,Customer 2899,Corporate,East,Silver,2023-05-03
CUST00962,Customer 0962,Corporate,South,Bronze,2019-08-05
CUST02128,Customer 2128,Enterprise,South,Silver,2022-08-25
CUST02460,Customer 2460,SMB,East,Silver,2016-06-11
CUST02108,Customer 2108,SMB,West,Bronze,2021-08-05
CUST00441,Customer 0441,Corporate,East,Gold,2016-04-08
CUST02457,Customer 2457,Consumer,North,Silver,2021-11-17
CUST03395,Customer 3395,Corporate,West,Bronze,2020-02-22
CUST03586,Customer 3586,Consumer,North,Bronze,2015-01-30
CUST03921,Customer 3921,Enterprise,West,Bronze,2023-10-19
CUST03014,Customer 3014,Consumer,North,Bronze,2016-07-15
CUST04768,Customer 4768,Consumer,South,Bronze,2017-09-12
CUST04359,Customer 4359,Consumer,North,Bronze,2020-05-28
CUST03985,Customer 3985,Enterprise,East,Bronze,2016-04-26
CUST03499,Customer 3499,SMB,West,Silver,2017-06-25
CUST01878,Customer 1878,Consumer,South,Silver,2021-06-11
CUST00209,Customer 0209,SMB,East,Silver,2022-12-17
CUST00691,Customer 0691,Enterprise,East,Bronze,2022-10-03
CUST01641,Customer 1641,Enterprise,East,Silver,2015-05-25
CUST01624,Customer 1624,SMB,South,Bronze,2015-06-23
CUST02484,Customer 2484,Consumer,East,Bronze,2021-12-03
CUST00342,Customer 0342,Corporate,South,Gold,2019-09-03
CUST01301,Customer 1301,Enterprise,North,Bronze,2021-04-10
CUST03261,Customer 3261,Consumer,South,Bronze,2018-06-02
CUST04825,Customer 4825,Corporate,East,Bronze,2015-01-14
CUST01517,Customer 1517,Consumer,East,Silver,2023-03-03
CUST00142,Customer 0142,Corporate,East,Bronze,2024-01-09
CUST03124,Customer 3124,Consumer,South,Bronze,2022-06-12
CUST04580,Customer 4580,SMB,West,Silver,2020-05-07
CUST03660,Customer 3660,Corporate,South,Gold,2024-03-11
CUST01369,Customer 1369,SMB,East,Gold,2017-07-02
CUST00739,Customer 0739,Corporate,South,Bronze,2020-08-01
CUST03852,Customer 3852,Consumer,North,Bronze,2022-03-12
CUST02854,Customer 2854,Consumer,West,Bronze,2020-04-03
CUST02815,Customer 2815,Enterprise,East,Silver,2016-05-17
CUST04858,Customer 4858,Consumer,East,Bronze,2023-04-16
CUST02749,Customer 2749,Corporate,South,Gold,2023-02-07
CUST00929,Customer 0929,Consumer,East,Gold,2020-10-13
CUST04680,Customer 4680,Consumer,East,Silver,2017-03-11
CUST04366,Customer 4366,Consumer,North,Bronze,2023-12-25
CUST04525,Customer 4525,SMB,West,Silver,2024-10-04
CUST01016,Customer 1016,Enterprise,South,Bronze,2023-07-10
CUST02138,Customer 2138,Consumer,West,Silver,2024-12-25
CUST02955,Customer 2955,Consumer,South,Bronze,2019-04-29
CUST01165,Customer 1165,Enterprise,East,Bronze,2018-03-01
CUST03518,Customer 3518,Corporate,North,Bronze,2017-11-04
CUST03544,Customer 3544,Enterprise,East,Gold,2017-01-02
CUST04608,Customer 4608,SMB,East,Silver,2024-03-21
CUST01618,Customer 1618,SMB,South,Silver,2019-12-18
CUST00863,Customer 0863,Corporate,South,Bronze,2016-02-09
CUST04942,Customer 4942,Corporate,East,Silver,2024-01-25
CUST00452,Customer 0452,Consumer,West,Bronze,2023-04-08
CUST00323,Customer 0323,SMB,South,Platinum,2022-12-01
CUST00796,Customer 0796,SMB,East,Silver,2020-01-11
CUST01485,Customer 1485,SMB,West,Bronze,2021-07-25
CUST02008,Customer 2008,SMB,West,Bronze,2024-08-01
CUST01870,Customer 1870,SMB,South,Silver,2020-05-21
CUST01203,Customer 1203,SMB,South,Gold,2018-02-25
CUST00186,Customer 0186,Corporate,South,Silver,2021-11-06
CUST04935,Customer 4935,Corporate,West,Gold,2017-04-15
CUST01444,Customer 1444,Consumer,East,Silver,2017-04-14
CUST00031,Customer 0031,Consumer,East,Silver,2016-06-28
CUST03340,Customer 3340,Corporate,West,Silver,2019-10-07
CUST02780,Customer 2780,Corporate,East,Bronze,2018-07-12
CUST01545,Customer 1545,SMB,South,Bronze,2016-05-09
CUST01893,Customer 1893,Enterprise,East,Bronze,2022-08-02
CUST02424,Customer 2424,Enterprise,North,Platinum,2019-03-17
CUST02001,Customer 2001,Enterprise,East,Bronze,2016-03-21
CUST00472,Customer 0472,Enterprise,South,Gold,2015-03-18
CUST02503,Customer 2503,Consumer,West,Bronze,2021-02-03
CUST00692,Customer 0692,Enterprise,East,Bronze,2024-04-21
CUST01954,Customer 1954,Consumer,East,Silver,2018-05-31
CUST01975,Customer 1975,SMB,West,Bronze,2018-12-19
CUST00391,Customer 0391,Consumer,South,Bronze,2018-05-24
CUST01734,Customer 1734,Enterprise,West,Silver,2015-11-30
CUST01225,Customer 1225,Enterprise,South,Bronze,2024-06-01
CUST01921,Customer 1921,Enterprise,East,Silver,2021-12-08
CUST03683,Customer 3683,Enterprise,East,Silver,2019-11-17
CUST04237,Customer 4237,Corporate,North,Silver,2016-06-10
CUST04802,Customer 4802,Enterprise,South,Bronze,2018-08-23
CUST00621,Customer 0621,Corporate,East,Bronze,2024-01-01
CUST04491,Customer 4491,Consumer,West,Bronze,2021-05-22
CUST00801,Customer 0801,Corporate,East,Platinum,2018-06-07
CUST04670,Customer 4670,Corporate,East,Bronze,2019-06-04
CUST00453,Customer 0453,Corporate,North,Bronze,2024-08-20
CUST04221,Customer 4221,Enterprise,West,Silver,2021-03-05
CUST00192,Customer 0192,Consumer,East,Bronze,2017-02-05
CUST04291,Customer 4291,Corporate,West,Gold,2024-08-19
CUST01713,Customer 1713,Enterprise,West,Bronze,2024-05-07
CUST02823,Customer 2823,Enterprise,East,Platinum,2020-07-12
CUST04957,Customer 4957,Corporate,South,Silver,2024-05-19
CUST02827,Customer 2827,Consumer,East,Bronze,2017-12-09
CUST02176,Customer 2176,SMB,South,Bronze,2019-12-29
CUST01148,Customer 1148,Corporate,South,Bronze,2022-11-04
CUST02584,Customer 2584,Corporate,West,Gold,2015-05-29
CUST00852,Customer 0852,Consumer,West,Silver,2016-01-14
CUST04805,Customer 4805,SMB,West,Silver,2024-01-11
CUST04283,Customer 4283,Corporate,West,Silver,2016-07-14
CUST01132,Customer 1132,Corporate,West,Bronze,2018-06-11
CUST02586,Customer 2586,Consumer,West,Platinum,2023-01-07
CUST01799,Customer 1799,Consumer,North,Bronze,2016-03-16
CUST04098,Customer 4098,Consumer,North,Bronze,2018-06-23
CUST00152,Customer 0152,Enterprise,North,Bronze,2018-09-28
CUST03866,Customer 3866,Consumer,South,Bronze,2019-07-13
CUST04189,Customer 4189,SMB,South,Silver,2018-01-29
CUST04873,Customer 4873,Corporate,South,Silver,2015-09-13
CUST03977,Customer 3977,Consumer,East,Bronze,2016-10-01
CUST03943,Customer 3943,Consumer,West,Bronze,2021-06-19
CUST04075,Customer 4075,Corporate,North,Silver,2021-09-07
CUST03028,Customer 3028,Corporate,East,Silver,2023-07-05
CUST01604,Customer 1604,SMB,West,Bronze,2022-08-30
CUST01627,Customer 1627,SMB,West,Platinum,2018-10-20
CUST02097,Customer 2097,Corporate,North,Bronze,2023-08-16
CUST02417,Customer 2417,SMB,East,Bronze,2018-09-14
CUST02958,Customer 2958,Corporate,North,Silver,2022-03-01
CUST00980,Customer 0980,SMB,East,Gold,2022-11-08
CUST02346,Customer 2346,Enterprise,South,Gold,2017-02-13
CUST01239,Customer 1239,Consumer,South,Gold,2022-03-29
CUST01842,Customer 1842,Consumer,South,Platinum,2024-03-07
CUST00037,Customer 0037,Corporate,North,Silver,2022-03-27
CUST00205,Customer 0205,SMB,North,Silver,2018-10-11
CUST02773,Customer 2773,Enterprise,West,Bronze,2024-05-27
CUST00955,Customer 0955,Enterprise,East,Bronze,2024-03-25
CUST04746,Customer 4746,SMB,North,Silver,2017-12-04
CUST04511,Customer 4511,Enterprise,South,Silver,2024-11-22
CUST03066,Customer 3066,SMB,North,Bronze,2015-10-10
CUST03616,Customer 3616,Enterprise,West,Bronze,2015-09-14
CUST00129,Customer 0129,Consumer,South,Bronze,2018-12-22
CUST00054,Customer 0054,Consumer,South,Silver,2018-11-21
CUST03782,Customer 3782,Corporate,East,Bronze,2015-10-18
CUST04616,Customer 4616,Corporate,East,Gold,2021-05-14
CUST03233,Customer 3233,SMB,East,Silver,2017-05-10
CUST00639,Customer 0639,Corporate,North,Silver,2020-01-27
CUST04370,Customer 4370,Corporate,South,Bronze,2015-03-04
CUST02275,Customer 2275,Corporate,East,Silver,2024-02-15
CUST04445,Customer 4445,SMB,West,Gold,2023-10-16
CUST04517,Customer 4517,SMB,East,Bronze,2022-08-18
CUST00501,Customer 0501,SMB,North,Silver,2019-02-21
CUST04704,Customer 4704,Consumer,North,Silver,2024-01-23
CUST02960,Customer 2960,SMB,West,Bronze,2024-07-20
CUST00035,Customer 0035,Corporate,North,Bronze,2023-05-27
CUST03740,Customer 3740,Consumer,South,Bronze,2015-06-30
CUST02738,Customer 2738,Enterprise,East,Bronze,2023-06-29
CUST00695,Customer 0695,SMB,North,Bronze,2017-10-05
CUST03403,Customer 3403,SMB,West,Silver,2021-06-23
CUST01676,Customer 1676,SMB,East,Bronze,2018-10-13
CUST04029,Customer 4029,Corporate,North,Bronze,2022-04-12
CUST04562,Customer 4562,Consumer,West,Silver,2021-08-05
CUST03380,Customer 3380,SMB,East,Bronze,2020-01-24
CUST04261,Customer 4261,Corporate,West,Bronze,2024-11-08
CUST03910,Customer 3910,Corporate,South,Silver,2021-02-03
CUST00004,Customer 0004,SMB,North,Bronze,2020-04-11
CUST02712,Customer 2712,Consumer,West,Bronze,2020-05-08
CUST03797,Customer 3797,SMB,South,Gold,2024-01-23
CUST04904,Customer 4904,Consumer,East,Silver,2018-02-24
CUST03170,Customer 3170,Corporate,South,Gold,2024-06-26
CUST04380,Customer 4380,Enterprise,West,Silver,2018-10-16
CUST03146,Customer 3146,Enterprise,South,Gold,2016-11-04
CUST04570,Customer 4570,Consumer,East,Silver,2021-05-30
CUST04119,Customer 4119,SMB,East,Bronze,2023-07-27
CUST01846,Customer 1846,Corporate,North,Silver,2018-03-25
CUST01097,Customer 1097,Enterprise,North,Bronze,2016-07-25
CUST00645,Customer 0645,Consumer,South,Bronze,2023-07-25
CUST03210,Customer 3210,Enterprise,North,Silver,2021-08-28
CUST02743,Customer 2743,Corporate,West,Silver,2015-01-21
CUST03332,Customer 3332,Enterprise,South,Gold,2021-04-13
CUST02489,Customer 2489,Enterprise,West,Gold,2018-07-07
CUST02763,Customer 2763,SMB,North,Bronze,2017-03-05
CUST01432,Customer 1432,Corporate,South,Silver,2024-04-24
CUST02980,Customer 2980,Enterprise,East,Bronze,2018-12-07
CUST03941,Customer 3941,SMB,East,Gold,2015-01-30
CUST00022,Customer 0022,Corporate,West,Bronze,2016-12-10
CUST00741,Customer 0741,Enterprise,North,Bronze,2020-01-22
CUST00064,Customer 0064,Corporate,South,Silver,2023-10-09
CUST03404,Customer 3404,Corporate,East,Silver,2024-08-28
CUST03891,Customer 3891,Corporate,North,Silver,2024-09-26
CUST03934,Customer 3934,SMB,North,Silver,2024-03-01
CUST02004,Customer 2004,SMB,South,Platinum,2024-09-29
CUST02367,Customer 2367,Enterprise,East,Gold,2022-08-17
CUST02368,Customer 2368,Enterprise,South,Bronze,2015-03-02
CUST00165,Customer 0165,Consumer,North,Bronze,2017-02-23
CUST00481,Customer 0481,Consumer,South,Bronze,2023-06-30
CUST04325,Customer 4325,Corporate,South,Platinum,2022-11-13
CUST01477,Customer 1477,Consumer,North,Bronze,2020-03-20
CUST04343,Customer 4343,SMB,East,Bronze,2016-07-30
CUST04100,Customer 4100,Corporate,West,Bronze,2018-06-21
CUST01646,Customer 1646,Consumer,East,Bronze,2022-08-16
CUST01989,Customer 1989,SMB,East,Silver,2015-03-09
CUST01585,Customer 1585,Corporate,South,Bronze,2015-10-05
CUST02235,Customer 2235,Enterprise,East,Gold,2024-10-12
CUST00698,Customer 0698,Enterprise,East,Bronze,2023-12-02
CUST02921,Customer 2921,SMB,East,Bronze,2023-08-21
CUST01908,Customer 1908,Enterprise,West,Silver,2016-06-07
CUST02115,Customer 2115,Consumer,East,Bronze,2017-06-12
CUST00486,Customer 0486,Consumer,West,Bronze,2021-12-24
CUST04647,Customer 4647,Consumer,South,Bronze,2020-12-02
CUST03936,Customer 3936,SMB,East,Bronze,2021-02-25
CUST03287,Customer 3287,SMB,East,Gold,2017-09-24
CUST04649,Customer 4649,Consumer,North,Bronze,2020-03-13
CUST04894,Customer 4894,Consumer,South,Bronze,2018-08-29
CUST02191,Customer 2191,SMB,North,Bronze,2018-11-11
CUST04379,Customer 4379,Consumer,West,Silver,2018-02-24
CUST04322,Customer 4322,Consumer,West,Bronze,2016-09-12
CUST04927,Customer 4927,Corporate,South,Bronze,2024-08-19
CUST00954,Customer 0954,Enterprise,East,Gold,2015-05-07
CUST00173,Customer 0173,Consumer,East,Silver,2016-05-09
CUST02567,Customer 2567,SMB,East,Silver,2024-01-06
CUST04881,Customer 4881,SMB,North,Bronze,2023-04-26
CUST02084,Customer 2084,SMB,North,Bronze,2017-11-25
CUST00417,Customer 0417,Consumer,South,Silver,2019-03-30
CUST01712,Customer 1712,Enterprise,North,Bronze,2022-05-08
CUST00947,Customer 0947,Consumer,North,Bronze,2016-12-28
CUST01827,Customer 1827,SMB,South,Bronze,2020-02-24
CUST04480,Customer 4480,SMB,North,Silver,2022-08-12
CUST00754,Customer 0754,Enterprise,East,Bronze,2017-10-05
CUST01259,Customer 1259,Enterprise,East,Bronze,2022-08-23
CUST04368,Customer 4368,Enterprise,South,Bronze,2021-06-18
CUST04791,Customer 4791,Enterprise,South,Bronze,2017-05-05
CUST01796,Customer 1796,Enterprise,North,Bronze,2017-02-28
CUST02017,Customer 2017,Consumer,East,Gold,2015-12-26
CUST02672,Customer 2672,Corporate,East,Bronze,2024-09-26
CUST04687,Customer 4687,Corporate,West,Silver,2023-03-22
CUST04093,Customer 4093,Consumer,North,Bronze,2023-05-21
CUST00660,Customer 0660,SMB,West,Gold,2016-10-01
CUST03702,Customer 3702,Consumer,South,Bronze,2017-06-29
CUST00856,Customer 0856,Corporate,North,Bronze,2022-06-20
CUST01628,Customer 1628,Corporate,East,Gold,2024-01-04
CUST03023,Customer 3023,Consumer,West,Silver,2015-01-30
CUST03788,Customer 3788,Consumer,North,Bronze,2016-09-22
CUST00492,Customer 0492,Consumer,East,Bronze,2019-09-14
CUST02722,Customer 2722,Consumer,East,Gold,2023-06-05
CUST02639,Customer 2639,Enterprise,East,Silver,2016-05-27
CUST04492,Customer 4492,Consumer,East,Bronze,2020-02-13
CUST02600,Customer 2600,Enterprise,East,Silver,2022-03-17
CUST00466,Customer 0466,SMB,North,Silver,2019-07-05
CUST04566,Customer 4566,SMB,South,Silver,2021-05-23
CUST00724,Customer 0724,SMB,West,Bronze,2016-12-01
CUST04490,Customer 4490,Consumer,West,Gold,2022-03-02
CUST02458,Customer 2458,Consumer,South,Silver,2016-10-28
CUST00421,Customer 0421,SMB,South,Bronze,2024-04-06
CUST02064,Customer 2064,Corporate,West,Gold,2022-11-29
CUST02946,Customer 2946,Corporate,South,Silver,2018-04-10
CUST01800,Customer 1800,SMB,East,Bronze,2024-05-11
CUST03268,Customer 3268,SMB,North,Bronze,2023-12-15
CUST03688,Customer 3688,Consumer,South,Bronze,2023-08-21
CUST02638,Customer 2638,Corporate,South,Bronze,2017-01-23
CUST00968,Customer 0968,Corporate,North,Bronze,2018-09-06
CUST01598,Customer 1598,Consumer,South,Bronze,2023-04-10
CUST01395,Customer 1395,Enterprise,West,Silver,2016-09-16
CUST02728,Customer 2728,SMB,East,Gold,2021-02-02
CUST01582,Customer 1582,SMB,North,Silver,2020-02-18
CUST04039,Customer 4039,Enterprise,East,Bronze,2021-12-23
CUST03636,Customer 3636,SMB,South,Bronze,2016-12-29
CUST04509,Customer 4509,Corporate,West,Bronze,2022-11-15
CUST00001,Customer 0001,Consumer,West,Platinum,2023-02-11
CUST04760,Customer 4760,SMB,East,Silver,2020-05-24
CUST04582,Customer 4582,Consumer,South,Gold,2024-08-14
CUST02054,Customer 2054,Enterprise,West,Silver,2016-05-09
CUST00184,Customer 0184,Consumer,South,Bronze,2021-05-08
CUST04374,Customer 4374,SMB,North,Gold,2024-07-18
CUST01745,Customer 1745,Consumer,North,Gold,2016-02-28
CUST04530,Customer 4530,Enterprise,South,Silver,2021-01-06
CUST03071,Customer 3071,SMB,South,Bronze,2015-03-06
CUST00738,Customer 0738,SMB,North,Silver,2017-07-09
CUST04170,Customer 4170,Consumer,East,Gold,2023-10-10
CUST02560,Customer 2560,Corporate,West,Silver,2015-05-21
CUST02164,Customer 2164,Enterprise,South,Bronze,2023-11-14
CUST03530,Customer 3530,SMB,South,Silver,2024-05-15
CUST04846,Customer 4846,Corporate,North,Silver,2020-11-19
CUST03908,Customer 3908,Consumer,South,Gold,2020-04-28
CUST01219,Customer 1219,Enterprise,North,Bronze,2023-09-14
CUST01974,Customer 1974,SMB,South,Silver,2024-10-09
CUST03709,Customer 3709,Consumer,West,Bronze,2022-08-08
CUST03347,Customer 3347,Corporate,West,Gold,2022-05-12
CUST01437,Customer 1437,SMB,North,Silver,2016-10-18
CUST01863,Customer 1863,Enterprise,West,Gold,2019-05-19
CUST03952,Customer 3952,Consumer,East,Silver,2020-05-20
CUST00794,Customer 0794,SMB,West,Bronze,2017-02-01
CUST03529,Customer 3529,Enterprise,West,Bronze,2015-04-05
CUST02787,Customer 2787,Consumer,West,Bronze,2015-02-24
CUST04721,Customer 4721,SMB,South,Silver,2015-08-21
CUST01156,Customer 1156,Consumer,West,Silver,2015-03-28
CUST02009,Customer 2009,SMB,East,Silver,2018-05-11
CUST02543,Customer 2543,Consumer,North,Bronze,2016-09-20
CUST00502,Customer 0502,Corporate,North,Bronze,2015-10-20
CUST00744,Customer 0744,Corporate,West,Platinum,2016-04-15
CUST00454,Customer 0454,SMB,East,Bronze,2023-02-04
CUST04973,Customer 4973,Enterprise,North,Bronze,2022-05-13
CUST04681,Customer 4681,Corporate,West,Gold,2017-03-12
CUST02507,Customer 2507,Enterprise,West,Gold,2020-09-23
CUST02041,Customer 2041,Enterprise,North,Silver,2015-05-01
CUST02504,Customer 2504,SMB,West,Silver,2015-01-23
CUST01589,Customer 1589,Consumer,North,Bronze,2022-01-03
CUST03602,Customer 3602,Consumer,West,Bronze,2015-01-22
CUST00875,Customer 0875,Consumer,South,Bronze,2021-07-02
CUST03202,Customer 3202,Enterprise,West,Bronze,2019-07-08
CUST02602,Customer 2602,Enterprise,North,Platinum,2015-01-01
CUST00952,Customer 0952,Corporate,East,Silver,2019-05-16
CUST00361,Customer 0361,Enterprise,South,Bronze,2021-10-19
CUST02225,Customer 2225,Corporate,South,Silver,2023-12-21
CUST04478,Customer 4478,Enterprise,West,Bronze,2021-03-06
CUST03701,Customer 3701,SMB,East,Gold,2018-10-29
CUST04634,Customer 4634,SMB,West,Bronze,2020-10-30
CUST00710,Customer 0710,Consumer,South,Silver,2022-03-29
CUST00835,Customer 0835,Corporate,West,Bronze,2020-08-11
CUST00332,Customer 0332,SMB,East,Gold,2020-09-22
CUST04451,Customer 4451,SMB,South,Silver,2017-10-20
CUST04356,Customer 4356,SMB,West,Bronze,2023-06-20
CUST02229,Customer 2229,Consumer,East,Bronze,2023-05-21
CUST03092,Customer 3092,Corporate,North,Bronze,2024-05-01
CUST04613,Customer 4613,SMB,East,Bronze,2015-01-14
CUST01448,Customer 1448,Enterprise,West,Bronze,2022-04-01
CUST04555,Customer 4555,Consumer,West,Gold,2022-06-22
CUST04338,Customer 4338,SMB,East,Bronze,2024-06-09
CUST00717,Customer 0717,Corporate,North,Bronze,2016-08-19
CUST03061,Customer 3061,Consumer,North,Silver,2016-03-12
CUST03079,Customer 3079,Corporate,South,Bronze,2019-07-24
CUST00855,Customer 0855,Corporate,South,Bronze,2015-10-08
CUST00225,Customer 0225,Consumer,South,Silver,2017-08-12
CUST01469,Customer 1469,Enterprise,North,Bronze,2019-12-09
CUST04163,Customer 4163,SMB,North,Bronze,2024-06-24
CUST00605,Customer 0605,Corporate,North,Bronze,2015-03-20
CUST03015,Customer 3015,SMB,East,Bronze,2018-11-02
CUST04965,Customer 4965,Consumer,West,Silver,2018-08-06
CUST03864,Customer 3864,SMB,West,Bronze,2016-10-25
CUST01113,Customer 1113,Enterprise,South,Silver,2020-01-04
CUST02687,Customer 2687,Corporate,South,Silver,2016-05-07
CUST00179,Customer 0179,SMB,North,Silver,2023-06-13
CUST02334,Customer 2334,SMB,West,Gold,2019-11-27
CUST00188,Customer 0188,Corporate,North,Silver,2021-09-07
CUST03346,Customer 3346,SMB,North,Silver,2015-06-12
CUST02851,Customer 2851,Enterprise,West,Silver,2021-07-07
CUST03672,Customer 3672,SMB,South,Gold,2022-06-03
CUST02977,Customer 2977,SMB,South,Bronze,2019-03-31
CUST03725,Customer 3725,SMB,South,Bronze,2023-04-04
CUST04129,Customer 4129,Corporate,North,Bronze,2020-03-02
CUST04836,Customer 4836,SMB,South,Silver,2023-08-22
CUST00311,Customer 0311,Consumer,North,Bronze,2019-06-13
CUST04311,Customer 4311,Enterprise,North,Bronze,2020-11-07
CUST00300,Customer 0300,Corporate,North,Bronze,2015-05-05
CUST02075,Customer 2075,SMB,East,Bronze,2021-04-17
CUST02379,Customer 2379,Enterprise,West,Bronze,2024-04-12
CUST04346,Customer 4346,Corporate,South,Bronze,2019-01-22
CUST01320,Customer 1320,SMB,North,Bronze,2023-06-21
CUST01672,Customer 1672,Corporate,South,Silver,2024-03-25
CUST01699,Customer 1699,Enterprise,South,Platinum,2024-06-20
CUST04734,Customer 4734,Enterprise,West,Silver,2015-04-10
CUST04684,Customer 4684,SMB,South,Silver,2024-06-09
CUST03675,Customer 3675,Enterprise,North,Gold,2015-05-16
CUST01040,Customer 1040,SMB,East,Bronze,2024-08-01
CUST04940,Customer 4940,Enterprise,West,Silver,2022-07-09
CUST00701,Customer 0701,SMB,South,Bronze,2017-11-24
CUST02922,Customer 2922,Enterprise,East,Bronze,2024-05-25
CUST04447,Customer 4447,Consumer,West,Bronze,2020-07-03
CUST03453,Customer 3453,Enterprise,East,Bronze,2016-12-02
CUST00229,Customer 0229,SMB,West,Bronze,2016-04-27
CUST03414,Customer 3414,SMB,North,Platinum,2021-01-11
CUST02596,Customer 2596,Corporate,South,Bronze,2021-03-06
CUST01217,Customer 1217,SMB,North,Bronze,2020-05-20
CUST00689,Customer 0689,SMB,East,Gold,2021-07-20
CUST02791,Customer 2791,Enterprise,East,Gold,2015-08-01
CUST00712,Customer 0712,Consumer,West,Silver,2018-08-15
CUST00356,Customer 0356,SMB,North,Bronze,2016-04-30
CUST00363,Customer 0363,SMB,East,Platinum,2024-11-02
CUST01867,Customer 1867,SMB,South,Bronze,2021-11-17
CUST03764,Customer 3764,Consumer,West,Bronze,2023-07-09
CUST00484,Customer 0484,SMB,South,Bronze,2024-05-04
CUST04961,Customer 4961,Enterprise,South,Gold,2023-02-06
CUST03556,Customer 3556,SMB,West,Silver,2023-06-02
CUST02870,Customer 2870,Consumer,South,Gold,2015-01-27
CUST04978,Customer 4978,SMB,East,Silver,2024-05-14
CUST03401,Customer 3401,Consumer,South,Silver,2021-12-27
CUST02844,Customer 2844,SMB,East,Bronze,2020-08-29
CUST02974,Customer 2974,Corporate,South,Gold,2021-04-27
CUST00963,Customer 0963,Consumer,West,Bronze,2024-11-05
CUST03813,Customer 3813,Corporate,West,Gold,2024-09-09
CUST01397,Customer 1397,SMB,South,Bronze,2024-02-03
CUST02696,Customer 2696,Corporate,South,Bronze,2015-07-31
CUST01420,Customer 1420,Consumer,East,Bronze,2019-06-02
CUST02037,Customer 2037,Enterprise,West,Silver,2020-08-06
CUST00168,Customer 0168,Corporate,West,Silver,2021-10-07
CUST03341,Customer 3341,Consumer,North,Silver,2021-04-24
CUST03418,Customer 3418,SMB,East,Silver,2015-08-07
CUST04868,Customer 4868,Enterprise,East,Bronze,2024-06-12
CUST00256,Customer 0256,SMB,South,Bronze,2024-07-11
CUST04762,Customer 4762,Enterprise,West,Silver,2023-09-30
CUST02736,Customer 2736,SMB,East,Gold,2024-11-18
CUST01789,Customer 1789,Consumer,East,Bronze,2024-11-11
CUST00789,Customer 0789,SMB,East,Gold,2017-06-03
CUST00833,Customer 0833,Corporate,North,Bronze,2016-01-07
CUST04561,Customer 4561,Consumer,South,Bronze,2016-07-08
CUST01237,Customer 1237,Corporate,South,Silver,2015-04-15
CUST00419,Customer 0419,Enterprise,East,Silver,2023-04-03
CUST03968,Customer 3968,Consumer,West,Bronze,2020-12-09
CUST01705,Customer 1705,Consumer,South,Platinum,2022-09-02
CUST01564,Customer 1564,Enterprise,East,Gold,2020-05-14
CUST04542,Customer 4542,Consumer,West,Silver,2019-03-24
CUST02932,Customer 2932,Enterprise,East,Bronze,2015-08-17
CUST01030,Customer 1030,SMB,South,Silver,2018-06-01
CUST02590,Customer 2590,Consumer,East,Bronze,2017-01-29
CUST04701,Customer 4701,Consumer,East,Gold,2023-06-18
CUST03913,Customer 3913,Consumer,North,Bronze,2021-10-16
CUST02389,Customer 2389,Corporate,East,Silver,2019-12-15
CUST02579,Customer 2579,Enterprise,West,Bronze,2019-11-30
CUST00233,Customer 0233,Corporate,North,Silver,2016-04-21
CUST03744,Customer 3744,Consumer,West,Bronze,2015-09-21
CUST01723,Customer 1723,SMB,East,Gold,2023-07-16
CUST00285,Customer 0285,SMB,West,Silver,2018-10-18
CUST04130,Customer 4130,Consumer,West,Gold,2021-11-10
CUST01273,Customer 1273,Corporate,West,Silver,2018-01-20
CUST04211,Customer 4211,SMB,North,Platinum,2023-07-23
CUST03599,Customer 3599,SMB,West,Gold,2022-04-01
CUST02281,Customer 2281,SMB,North,Bronze,2015-07-02
CUST00896,Customer 0896,Consumer,South,Gold,2020-09-11
CUST03251,Customer 3251,Consumer,North,Bronze,2019-09-01
CUST01920,Customer 1920,Enterprise,East,Gold,2022-04-22
CUST01325,Customer 1325,Consumer,South,Bronze,2017-04-30
CUST01186,Customer 1186,Consumer,West,Bronze,2021-12-30
CUST03690,Customer 3690,SMB,North,Bronze,2016-02-25
CUST04046,Customer 4046,SMB,West,Bronze,2017-04-20
CUST04526,Customer 4526,Corporate,North,Gold,2018-08-27
CUST04518,Customer 4518,Enterprise,East,Silver,2020-11-20
CUST01398,Customer 1398,Consumer,West,Silver,2021-10-21
CUST01304,Customer 1304,SMB,North,Bronze,2020-03-06
CUST01936,Customer 1936,SMB,West,Bronze,2022-12-19
CUST03084,Customer 3084,Enterprise,North,Bronze,2018-05-10
CUST02636,Customer 2636,Consumer,North,Silver,2021-02-26
CUST00582,Customer 0582,Enterprise,South,Bronze,2018-05-07
CUST03143,Customer 3143,Corporate,North,Bronze,2020-12-06
CUST01674,Customer 1674,Enterprise,South,Bronze,2022-10-29
CUST00818,Customer 0818,Consumer,South,Silver,2017-10-10
CUST01901,Customer 1901,Consumer,West,Bronze,2015-12-04
CUST01214,Customer 1214,Consumer,South,Bronze,2022-11-10
CUST03083,Customer 3083,Consumer,East,Bronze,2015-04-17
CUST04852,Customer 4852,Corporate,East,Bronze,2021-06-27
CUST00843,Customer 0843,SMB,East,Bronze,2016-10-01
CUST03604,Customer 3604,Enterprise,East,Bronze,2018-04-19
CUST00989,Customer 0989,Consumer,North,Bronze,2016-09-13
CUST00276,Customer 0276,Consumer,West,Bronze,2023-03-12
CUST02857,Customer 2857,Enterprise,East,Silver,2021-07-03
CUST02173,Customer 2173,Consumer,West,Bronze,2017-08-29
CUST01649,Customer 1649,SMB,East,Silver,2022-12-25
CUST03949,Customer 3949,Consumer,South,Silver,2016-05-04
CUST03406,Customer 3406,Consumer,South,Bronze,2020-03-14
CUST04864,Customer 4864,Consumer,West,Gold,2022-05-13
CUST01871,Customer 1871,Corporate,West,Bronze,2015-12-15
CUST04393,Customer 4393,SMB,North,Bronze,2019-01-02
CUST01655,Customer 1655,Enterprise,West,Silver,2015-08-17
CUST02959,Customer 2959,SMB,South,Silver,2020-10-13
CUST04118,Customer 4118,Corporate,North,Silver,2018-05-20
CUST01997,Customer 1997,Enterprise,East,Bronze,2019-08-21
CUST01596,Customer 1596,Consumer,East,Bronze,2022-03-14
CUST03112,Customer 3112,SMB,East,Gold,2019-07-03
CUST01911,Customer 1911,Consumer,West,Silver,2019-07-11
CUST02445,Customer 2445,SMB,West,Silver,2019-06-01
CUST02393,Customer 2393,SMB,West,Gold,2022-08-26
CUST00405,Customer 0405,Enterprise,South,Bronze,2022-12-23
CUST02506,Customer 2506,Enterprise,South,Gold,2016-02-20
CUST04828,Customer 4828,Enterprise,East,Silver,2024-02-17
CUST03131,Customer 3131,Enterprise,South,Gold,2015-01-24
CUST03291,Customer 3291,Corporate,West,Bronze,2024-03-10
CUST04723,Customer 4723,Enterprise,South,Bronze,2021-09-26
CUST01682,Customer 1682,SMB,East,Gold,2022-04-25
CUST04964,Customer 4964,Enterprise,North,Silver,2023-05-08
CUST01287,Customer 1287,Consumer,North,Silver,2016-06-12
CUST04663,Customer 4663,Enterprise,South,Silver,2024-11-06
CUST00936,Customer 0936,Consumer,West,Bronze,2015-07-21
CUST00854,Customer 0854,Consumer,East,Silver,2020-08-01
CUST04783,Customer 4783,Consumer,West,Bronze,2020-03-25
CUST01880,Customer 1880,Enterprise,West,Platinum,2022-09-19
CUST03948,Customer 3948,Consumer,North,Silver,2018-01-09
CUST04262,Customer 4262,SMB,North,Bronze,2021-04-08
CUST00197,Customer 0197,Consumer,East,Bronze,2021-06-25
CUST03484,Customer 3484,Enterprise,East,Silver,2016-03-23
CUST02987,Customer 2987,Consumer,West,Silver,2018-08-20
CUST04080,Customer 4080,Consumer,South,Gold,2016-08-16
CUST03879,Customer 3879,Corporate,North,Gold,2017-05-10
CUST01638,Customer 1638,Corporate,South,Silver,2019-09-18
CUST02155,Customer 2155,Corporate,South,Silver,2019-06-02
CUST01176,Customer 1176,Corporate,East,Silver,2015-05-17
CUST03377,Customer 3377,Enterprise,East,Silver,2017-10-14
CUST02044,Customer 2044,Consumer,East,Gold,2019-12-06
CUST02247,Customer 2247,Consumer,North,Bronze,2018-08-29
CUST04594,Customer 4594,Consumer,East,Bronze,2017-12-05
CUST04241,Customer 4241,SMB,North,Bronze,2023-06-10
CUST01708,Customer 1708,Corporate,East,Bronze,2024-08-29
CUST02615,Customer 2615,SMB,East,Gold,2018-03-28
CUST01751,Customer 1751,SMB,West,Bronze,2016-07-12
CUST03521,Customer 3521,Corporate,East,Gold,2024-09-26
CUST03293,Customer 3293,Corporate,North,Silver,2024-09-02
CUST04294,Customer 4294,SMB,East,Silver,2018-12-03
CUST00873,Customer 0873,Consumer,North,Gold,2024-03-22
CUST02292,Customer 2292,Consumer,West,Silver,2024-06-17
CUST03591,Customer 3591,Corporate,South,Gold,2024-06-23
CUST03205,Customer 3205,Corporate,North,Bronze,2015-12-11
CUST03739,Customer 3739,SMB,East,Bronze,2016-04-16
CUST00425,Customer 0425,Consumer,East,Silver,2024-12-20
CUST01875,Customer 1875,SMB,East,Gold,2021-07-14
CUST00462,Customer 0462,SMB,East,Silver,2024-12-05
CUST03838,Customer 3838,Consumer,North,Gold,2019-08-11
CUST00631,Customer 0631,SMB,West,Silver,2023-12-10
CUST00029,Customer 0029,Consumer,West,Silver,2017-03-05
CUST03533,Customer 3533,Enterprise,East,Silver,2020-08-05
CUST01942,Customer 1942,Consumer,North,Gold,2021-11-20
CUST03325,Customer 3325,SMB,West,Silver,2019-11-22
CUST01763,Customer 1763,Consumer,West,Bronze,2015-02-22
CUST00135,Customer 0135,Corporate,East,Bronze,2017-11-09
CUST00330,Customer 0330,Corporate,South,Silver,2018-04-12
CUST01952,Customer 1952,Enterprise,West,Bronze,2021-04-05
CUST01489,Customer 1489,Consumer,East,Bronze,2023-01-21
CUST03883,Customer 3883,Enterprise,West,Gold,2020-07-08
CUST02114,Customer 2114,Consumer,West,Silver,2016-08-02
CUST01461,Customer 1461,Consumer,West,Bronze,2016-12-21
CUST01385,Customer 1385,Corporate,North,Silver,2016-12-16
CUST03674,Customer 3674,SMB,North,Silver,2019-06-16
CUST03072,Customer 3072,Enterprise,East,Silver,2018-11-13
CUST04284,Customer 4284,Enterprise,North,Bronze,2024-04-28
CUST03909,Customer 3909,SMB,West,Bronze,2016-09-19
CUST03141,Customer 3141,Consumer,North,Bronze,2021-03-08
CUST01475,Customer 1475,Enterprise,North,Gold,2022-10-22
CUST01224,Customer 1224,Consumer,North,Bronze,2017-08-31
CUST04499,Customer 4499,Enterprise,East,Platinum,2018-12-15
CUST00547,Customer 0547,Consumer,North,Bronze,2021-04-22
CUST00015,Customer 0015,Enterprise,West,Silver,2022-02-05
CUST02238,Customer 2238,Enterprise,West,Silver,2015-03-31
CUST04830,Customer 4830,SMB,North,Bronze,2017-07-29
CUST03619,Customer 3619,Enterprise,South,Platinum,2021-08-26
CUST02262,Customer 2262,Enterprise,East,Silver,2023-12-26
CUST03760,Customer 3760,Corporate,North,Silver,2015-07-26
CUST04255,Customer 4255,SMB,West,Bronze,2023-10-11
CUST01929,Customer 1929,Corporate,South,Silver,2016-03-21
CUST03583,Customer 3583,Enterprise,North,Bronze,2017-09-30
CUST02682,Customer 2682,SMB,North,Gold,2018-03-31
CUST01330,Customer 1330,SMB,East,Bronze,2018-01-22
CUST01220,Customer 1220,Consumer,East,Gold,2019-06-15
CUST04843,Customer 4843,Consumer,East,Bronze,2015-07-01
CUST02482,Customer 2482,Enterprise,North,Silver,2019-08-27
CUST03915,Customer 3915,Consumer,South,Silver,2016-03-28
CUST03352,Customer 3352,Consumer,North,Silver,2015-03-17
CUST01478,Customer 1478,SMB,South,Silver,2023-10-05
CUST01382,Customer 1382,Corporate,South,Silver,2022-03-11
CUST01643,Customer 1643,Consumer,South,Bronze,2018-08-18
CUST03300,Customer 3300,SMB,East,Silver,2019-07-13
CUST02499,Customer 2499,Consumer,North,Silver,2015-01-06
CUST04988,Customer 4988,Corporate,West,Bronze,2016-07-29
CUST01960,Customer 1960,Enterprise,East,Silver,2015-05-15
CUST03633,Customer 3633,Consumer,South,Bronze,2020-06-09
CUST03560,Customer 3560,Consumer,North,Silver,2016-11-07
CUST03360,Customer 3360,Enterprise,North,Bronze,2024-12-23
CUST02781,Customer 2781,SMB,North,Gold,2015-09-29
CUST00973,Customer 0973,SMB,West,Bronze,2015-12-29
CUST04351,Customer 4351,Consumer,West,Gold,2020-10-12
CUST02342,Customer 2342,Enterprise,South,Silver,2020-09-26
CUST02369,Customer 2369,SMB,South,Gold,2023-09-07
CUST03938,Customer 3938,Consumer,West,Bronze,2019-04-26
CUST02271,Customer 2271,SMB,North,Bronze,2019-06-16
CUST01202,Customer 1202,Consumer,North,Bronze,2018-04-23
CUST01811,Customer 1811,Enterprise,East,Bronze,2018-03-13
CUST00088,Customer 0088,Corporate,South,Bronze,2022-02-27
CUST03412,Customer 3412,Enterprise,East,Bronze,2020-08-03
CUST00200,Customer 0200,Enterprise,South,Gold,2019-10-24
CUST03460,Customer 3460,Consumer,South,Bronze,2022-05-19
CUST03973,Customer 3973,Enterprise,North,Gold,2024-04-03
CUST00585,Customer 0585,Enterprise,North,Bronze,2017-11-16
CUST03654,Customer 3654,SMB,North,Bronze,2016-06-24
CUST03189,Customer 3189,Consumer,East,Gold,2023-05-18
CUST03295,Customer 3295,Consumer,South,Silver,2015-02-12
CUST00303,Customer 0303,Consumer,West,Gold,2017-11-16
CUST01427,Customer 1427,Enterprise,North,Bronze,2015-01-27
CUST02655,Customer 2655,Corporate,West,Silver,2017-08-06
CUST00381,Customer 0381,Corporate,South,Gold,2023-01-31
CUST03282,Customer 3282,SMB,West,Platinum,2017-04-19
CUST02888,Customer 2888,SMB,North,Gold,2020-07-23
CUST01455,Customer 1455,SMB,West,Silver,2016-06-10
CUST01351,Customer 1351,Enterprise,East,Bronze,2019-10-13
CUST03863,Customer 3863,SMB,South,Bronze,2022-08-04
CUST00178,Customer 0178,Enterprise,West,Silver,2015-03-02
CUST04938,Customer 4938,SMB,East,Bronze,2018-06-21
CUST04209,Customer 4209,Enterprise,West,Bronze,2018-04-04
CUST01085,Customer 1085,SMB,East,Silver,2017-02-18
CUST00748,Customer 0748,SMB,West,Bronze,2018-04-18
CUST03022,Customer 3022,Enterprise,North,Gold,2022-10-15
CUST01797,Customer 1797,SMB,North,Silver,2024-12-03
CUST00341,Customer 0341,Consumer,North,Silver,2024-05-29
CUST02269,Customer 2269,SMB,South,Gold,2023-09-07
CUST02214,Customer 2214,SMB,South,Gold,2018-08-04
CUST04798,Customer 4798,Corporate,East,Gold,2016-12-19
CUST01570,Customer 1570,Corporate,South,Bronze,2019-07-11
CUST02040,Customer 2040,Enterprise,West,Gold,2015-05-31
CUST00891,Customer 0891,SMB,West,Bronze,2017-10-11
CUST04755,Customer 4755,Corporate,West,Silver,2024-03-15
CUST03723,Customer 3723,Corporate,West,Gold,2021-01-19
CUST01294,Customer 1294,Enterprise,South,Bronze,2019-09-21
CUST01310,Customer 1310,Consumer,South,Bronze,2020-09-15
CUST02030,Customer 2030,Consumer,South,Bronze,2023-01-06
CUST04946,Customer 4946,Consumer,East,Gold,2023-07-23
CUST03465,Customer 3465,SMB,East,Silver,2019-02-27
CUST03898,Customer 3898,Consumer,South,Bronze,2021-08-17
CUST03743,Customer 3743,Enterprise,North,Silver,2016-04-20
CUST00575,Customer 0575,Enterprise,South,Bronze,2020-06-30
CUST00260,Customer 0260,Corporate,East,Bronze,2018-01-13
CUST00883,Customer 0883,Corporate,North,Bronze,2021-10-02
CUST02046,Customer 2046,SMB,East,Bronze,2015-09-22
CUST00156,Customer 0156,SMB,South,Silver,2017-01-22
CUST01683,Customer 1683,Consumer,East,Bronze,2016-04-06
CUST02428,Customer 2428,Enterprise,West,Gold,2018-02-07
CUST02276,Customer 2276,Consumer,West,Platinum,2023-07-23
CUST04282,Customer 4282,SMB,East,Gold,2015-02-14
CUST02121,Customer 2121,Enterprise,East,Bronze,2022-08-10
CUST02293,Customer 2293,Enterprise,North,Gold,2019-01-29
CUST00095,Customer 0095,Enterprise,North,Bronze,2024-03-08
CUST00526,Customer 0526,Consumer,West,Gold,2021-04-04
CUST03987,Customer 3987,Enterprise,South,Silver,2020-07-17
CUST04125,Customer 4125,SMB,East,Bronze,2016-01-30
CUST04806,Customer 4806,Enterprise,North,Silver,2022-04-15
CUST04047,Customer 4047,Corporate,North,Silver,2017-06-10
CUST04911,Customer 4911,Enterprise,East,Silver,2019-11-11
CUST02788,Customer 2788,Corporate,North,Bronze,2020-09-20
CUST02759,Customer 2759,Corporate,East,Gold,2018-06-25
CUST00149,Customer 0149,SMB,North,Bronze,2020-09-28
CUST00108,Customer 0108,Consumer,North,Bronze,2020-10-08
CUST00753,Customer 0753,SMB,West,Silver,2018-12-03
CUST01021,Customer 1021,Corporate,West,Gold,2024-11-25
CUST01832,Customer 1832,Consumer,West,Silver,2016-03-03
CUST03045,Customer 3045,Enterprise,West,Bronze,2022-09-15
CUST02797,Customer 2797,Consumer,North,Silver,2020-09-04
CUST03714,Customer 3714,SMB,West,Silver,2021-12-15
CUST00196,Customer 0196,Enterprise,East,Bronze,2019-01-18
CUST02627,Customer 2627,SMB,West,Bronze,2020-12-11
CUST04123,Customer 4123,Enterprise,East,Gold,2021-07-12
CUST02637,Customer 2637,Corporate,West,Silver,2021-02-20
CUST01108,Customer 1108,Corporate,North,Gold,2018-01-30
CUST02399,Customer 2399,SMB,East,Gold,2015-05-03
CUST01510,Customer 1510,SMB,East,Bronze,2024-06-26
CUST02050,Customer 2050,SMB,West,Bronze,2019-01-21
CUST00282,Customer 0282,SMB,South,Silver,2024-10-07
CUST01764,Customer 1764,Consumer,South,Bronze,2023-06-29
CUST01955,Customer 1955,Corporate,West,Silver,2024-07-17
CUST04559,Customer 4559,Enterprise,South,Bronze,2021-08-06
CUST02752,Customer 2752,Corporate,West,Bronze,2023-08-29
CUST00675,Customer 0675,Corporate,West,Bronze,2018-04-23
CUST04242,Customer 4242,Corporate,West,Bronze,2019-06-25
CUST04699,Customer 4699,Corporate,North,Silver,2019-09-13
CUST02768,Customer 2768,Corporate,West,Bronze,2018-02-20
CUST01737,Customer 1737,Enterprise,North,Platinum,2022-01-08
CUST03774,Customer 3774,Enterprise,North,Silver,2022-01-15
CUST00720,Customer 0720,SMB,North,Bronze,2024-08-18
CUST03722,Customer 3722,Consumer,East,Silver,2021-03-31
CUST02605,Customer 2605,Corporate,East,Silver,2024-02-27
CUST03551,Customer 3551,Corporate,South,Silver,2017-04-23
CUST01027,Customer 1027,Enterprise,North,Silver,2024-05-22
CUST00565,Customer 0565,Corporate,South,Bronze,2018-05-21
CUST00085,Customer 0085,SMB,West,Bronze,2021-07-20
CUST04467,Customer 4467,Corporate,South,Platinum,2024-02-16
CUST04336,Customer 4336,Enterprise,East,Silver,2016-01-03
CUST00082,Customer 0082,Enterprise,West,Silver,2020-01-19
CUST03772,Customer 3772,Consumer,North,Bronze,2015-04-17
CUST04992,Customer 4992,Consumer,North,Silver,2018-08-09
CUST01359,Customer 1359,Enterprise,East,Silver,2015-09-08
CUST04851,Customer 4851,Consumer,East,Bronze,2020-09-10
CUST04727,Customer 4727,Corporate,South,Gold,2019-12-06
CUST00208,Customer 0208,Corporate,North,Silver,2019-01-31
CUST01396,Customer 1396,SMB,East,Gold,2019-02-06
CUST02925,Customer 2925,Corporate,West,Bronze,2015-08-29
CUST02372,Customer 2372,Consumer,East,Silver,2024-06-30
CUST03297,Customer 3297,Consumer,East,Bronze,2020-07-30
CUST02061,Customer 2061,SMB,North,Gold,2019-01-28
CUST01656,Customer 1656,SMB,West,Bronze,2020-02-11
CUST01786,Customer 1786,SMB,West,Bronze,2016-12-10
CUST00193,Customer 0193,Consumer,West,Silver,2019-06-13
CUST03684,Customer 3684,Corporate,East,Platinum,2015-04-18
CUST01005,Customer 1005,Corporate,West,Bronze,2016-11-11
CUST01177,Customer 1177,Enterprise,East,Bronze,2023-02-23
CUST02684,Customer 2684,Corporate,South,Silver,2023-01-19
CUST01577,Customer 1577,Consumer,West,Silver,2019-11-03
CUST00809,Customer 0809,SMB,North,Silver,2019-11-03
CUST02661,Customer 2661,Consumer,East,Platinum,2024-10-13
CUST00747,Customer 0747,SMB,South,Platinum,2022-01-28
CUST04665,Customer 4665,SMB,East,Silver,2015-02-02
CUST02381,Customer 2381,Enterprise,South,Bronze,2021-01-03
CUST03046,Customer 3046,Enterprise,East,Silver,2018-11-16
CUST00735,Customer 0735,SMB,East,Silver,2018-09-21
CUST04905,Customer 4905,SMB,North,Silver,2021-05-18
CUST03244,Customer 3244,Consumer,North,Silver,2015-06-19
CUST00130,Customer 0130,Enterprise,East,Bronze,2020-10-26
CUST02423,Customer 2423,Corporate,East,Platinum,2022-06-23
CUST03682,Customer 3682,Corporate,North,Platinum,2018-05-30
CUST00343,Customer 0343,Enterprise,East,Bronze,2022-09-16
CUST01874,Customer 1874,SMB,East,Silver,2016-12-30
CUST00572,Customer 0572,Consumer,North,Bronze,2018-07-08
CUST03693,Customer 3693,SMB,West,Bronze,2016-10-15
CUST00288,Customer 0288,SMB,West,Silver,2018-07-22
CUST01358,Customer 1358,SMB,East,Bronze,2019-06-01
CUST01170,Customer 1170,Consumer,North,Bronze,2023-04-13
CUST04875,Customer 4875,Consumer,East,Silver,2021-03-04
CUST03326,Customer 3326,Corporate,West,Bronze,2015-01-04
CUST03661,Customer 3661,Consumer,South,Bronze,2018-11-22
CUST03960,Customer 3960,Consumer,South,Gold,2019-10-14
CUST01814,Customer 1814,Corporate,West,Bronze,2017-06-23
CUST00831,Customer 0831,Consumer,South,Bronze,2022-09-01
CUST00187,Customer 0187,Consumer,North,Silver,2024-10-18
CUST00559,Customer 0559,Enterprise,West,Gold,2020-11-09
CUST00485,Customer 0485,Consumer,South,Gold,2019-05-14
CUST00757,Customer 0757,SMB,South,Silver,2018-05-29
CUST03832,Customer 3832,SMB,West,Silver,2016-08-15
CUST01095,Customer 1095,SMB,South,Bronze,2015-01-09
CUST04637,Customer 4637,Corporate,South,Gold,2019-07-02
CUST02846,Customer 2846,Consumer,South,Bronze,2016-09-12
CUST03647,Customer 3647,Consumer,South,Silver,2021-03-08
CUST02526,Customer 2526,Enterprise,South,Bronze,2024-08-05
CUST03183,Customer 3183,Enterprise,South,Bronze,2017-05-11
CUST01235,Customer 1235,SMB,West,Platinum,2024-01-31
CUST04624,Customer 4624,SMB,North,Silver,2023-04-13
CUST00904,Customer 0904,Corporate,West,Bronze,2015-01-14
CUST02779,Customer 2779,SMB,South,Gold,2023-01-24
CUST02918,Customer 2918,Enterprise,East,Platinum,2017-05-20
CUST03979,Customer 3979,Consumer,South,Silver,2016-03-02
CUST03923,Customer 3923,Enterprise,North,Gold,2017-06-19
CUST01086,Customer 1086,Corporate,South,Gold,2021-01-28
CUST02733,Customer 2733,Consumer,West,Bronze,2015-10-09
CUST03752,Customer 3752,Enterprise,West,Platinum,2017-07-20
CUST02198,Customer 2198,Enterprise,East,Silver,2017-01-16
CUST04142,Customer 4142,Consumer,North,Platinum,2018-04-05
CUST03585,Customer 3585,Corporate,West,Platinum,2020-07-04
CUST02199,Customer 2199,Consumer,East,Bronze,2015-09-15
CUST01365,Customer 1365,SMB,East,Silver,2020-08-17
CUST01195,Customer 1195,Enterprise,North,Bronze,2016-01-28
CUST04276,Customer 4276,Enterprise,North,Silver,2019-06-13
CUST01352,Customer 1352,Corporate,South,Gold,2017-08-07
CUST01253,Customer 1253,SMB,East,Silver,2023-02-28
CUST02089,Customer 2089,Consumer,West,Bronze,2021-05-02
CUST03524,Customer 3524,Consumer,East,Bronze,2022-08-21
CUST04267,Customer 4267,Enterprise,South,Platinum,2018-06-11
CUST00688,Customer 0688,SMB,South,Bronze,2024-11-20
CUST03328,Customer 3328,Corporate,East,Bronze,2017-01-08
CUST04808,Customer 4808,Consumer,East,Silver,2016-05-26
CUST02266,Customer 2266,SMB,West,Bronze,2020-07-05
CUST00386,Customer 0386,Consumer,East,Bronze,2024-11-05
CUST02531,Customer 2531,Consumer,South,Gold,2020-11-22
CUST04609,Customer 4609,Enterprise,North,Silver,2022-04-25
CUST01098,Customer 1098,Enterprise,East,Silver,2022-11-03
CUST01669,Customer 1669,Enterprise,North,Bronze,2016-05-04
CUST00404,Customer 0404,SMB,East,Bronze,2022-12-29
CUST02678,Customer 2678,Corporate,East,Bronze,2023-09-30
CUST04716,Customer 4716,Consumer,North,Bronze,2015-01-24
CUST04549,Customer 4549,SMB,East,Silver,2021-07-23
CUST01525,Customer 1525,Enterprise,North,Bronze,2016-12-02
CUST04744,Customer 4744,SMB,South,Gold,2022-11-20
CUST01640,Customer 1640,Enterprise,South,Bronze,2022-10-31
CUST04897,Customer 4897,Enterprise,North,Silver,2021-03-03
CUST00630,Customer 0630,Consumer,North,Bronze,2016-06-16
CUST00683,Customer 0683,SMB,West,Silver,2022-10-12
CUST01991,Customer 1991,Corporate,East,Silver,2023-02-06
CUST00049,Customer 0049,Enterprise,East,Silver,2022-11-06
CUST00027,Customer 0027,Consumer,South,Silver,2019-07-02
CUST03761,Customer 3761,Consumer,South,Gold,2016-01-30
CUST03073,Customer 3073,Corporate,South,Bronze,2019-11-17
CUST03039,Customer 3039,Corporate,East,Bronze,2020-05-05
CUST04477,Customer 4477,Corporate,West,Bronze,2021-06-25
CUST03154,Customer 3154,Consumer,South,Gold,2018-11-08
CUST02068,Customer 2068,Consumer,West,Bronze,2015-02-12
CUST01024,Customer 1024,Enterprise,West,Bronze,2018-11-29
CUST03049,Customer 3049,SMB,North,Silver,2023-01-25
CUST01492,Customer 1492,Enterprise,West,Bronze,2016-02-23
CUST04552,Customer 4552,Enterprise,East,Silver,2017-10-01
CUST01906,Customer 1906,SMB,West,Gold,2017-08-05
CUST02514,Customer 2514,Enterprise,West,Silver,2016-06-26
CUST04050,Customer 4050,Corporate,North,Silver,2015-02-24
CUST01048,Customer 1048,Consumer,East,Silver,2019-07-04
CUST02010,Customer 2010,SMB,West,Silver,2018-10-08
CUST00387,Customer 0387,Enterprise,North,Bronze,2020-12-30
CUST04588,Customer 4588,Corporate,West,Silver,2022-11-16
CUST01926,Customer 1926,SMB,West,Silver,2018-02-06
CUST02660,Customer 2660,Enterprise,North,Gold,2020-05-03
CUST02890,Customer 2890,Consumer,South,Silver,2015-02-26
CUST00467,Customer 0467,SMB,West,Silver,2023-04-02
CUST03785,Customer 3785,Consumer,North,Gold,2016-09-10
CUST02287,Customer 2287,Consumer,South,Bronze,2015-07-24
CUST01939,Customer 1939,Consumer,North,Gold,2019-02-25
CUST04607,Customer 4607,Corporate,North,Silver,2020-05-09
CUST00846,Customer 0846,Enterprise,North,Silver,2019-03-13
CUST00828,Customer 0828,SMB,East,Bronze,2017-02-12
CUST03592,Customer 3592,Consumer,South,Bronze,2022-07-14
CUST01356,Customer 1356,Corporate,South,Gold,2016-06-22
CUST02111,Customer 2111,Corporate,West,Bronze,2024-04-28
CUST03896,Customer 3896,Corporate,West,Silver,2015-11-08
CUST03845,Customer 3845,Corporate,East,Bronze,2022-03-22
CUST00366,Customer 0366,Consumer,North,Platinum,2023-10-23
CUST03456,Customer 3456,Corporate,South,Platinum,2022-04-17
CUST02462,Customer 2462,Enterprise,North,Silver,2017-01-11
CUST01367,Customer 1367,Corporate,South,Bronze,2016-09-12
CUST03842,Customer 3842,Consumer,South,Bronze,2017-06-25
CUST01341,Customer 1341,Corporate,South,Silver,2019-03-11
CUST04349,Customer 4349,Consumer,South,Bronze,2021-03-24
CUST03582,Customer 3582,Enterprise,West,Bronze,2024-01-01
CUST03435,Customer 3435,Consumer,East,Bronze,2019-05-24
CUST02228,Customer 2228,Corporate,South,Gold,2016-09-10
CUST03681,Customer 3681,Corporate,South,Bronze,2016-07-02
CUST02609,Customer 2609,SMB,East,Gold,2024-01-29
CUST00879,Customer 0879,Consumer,West,Silver,2020-05-24
CUST00730,Customer 0730,Corporate,West,Bronze,2018-09-03
CUST00443,Customer 0443,Corporate,West,Bronze,2020-06-07
CUST01447,Customer 1447,Corporate,West,Bronze,2018-12-24
CUST02629,Customer 2629,Corporate,East,Bronze,2019-05-11
CUST02633,Customer 2633,Consumer,East,Bronze,2020-12-16
CUST01626,Customer 1626,Enterprise,East,Gold,2019-04-08
CUST00850,Customer 0850,Corporate,West,Silver,2016-06-16
CUST02940,Customer 2940,Enterprise,East,Gold,2022-02-08
CUST04632,Customer 4632,Consumer,South,Silver,2017-03-10
CUST03081,Customer 3081,Corporate,South,Bronze,2022-02-03
CUST03434,Customer 3434,Enterprise,East,Silver,2016-10-17
CUST00266,Customer 0266,SMB,West,Silver,2024-06-04
CUST01807,Customer 1807,Corporate,North,Bronze,2015-10-06
CUST03924,Customer 3924,Consumer,East,Bronze,2021-09-14
CUST03605,Customer 3605,SMB,East,Silver,2016-04-19
CUST00838,Customer 0838,SMB,West,Silver,2015-08-04
CUST02236,Customer 2236,Consumer,West,Silver,2020-11-12
CUST01523,Customer 1523,Enterprise,East,Gold,2020-06-21
CUST04865,Customer 4865,Corporate,East,Silver,2024-07-31
CUST02035,Customer 2035,Enterprise,South,Bronze,2018-02-06
CUST00304,Customer 0304,Corporate,North,Silver,2021-10-30
CUST02973,Customer 2973,Enterprise,East,Silver,2022-12-25
CUST01139,Customer 1139,SMB,East,Platinum,2022-07-29
CUST00719,Customer 0719,Consumer,North,Silver,2015-05-31
CUST04610,Customer 4610,Corporate,South,Bronze,2016-01-13
CUST01700,Customer 1700,Corporate,East,Bronze,2021-04-08
CUST00006,Customer 0006,Corporate,South,Gold,2020-03-30
CUST02519,Customer 2519,SMB,South,Silver,2022-03-27
CUST03212,Customer 3212,SMB,West,Gold,2024-07-04
CUST04990,Customer 4990,Consumer,South,Platinum,2023-07-03
CUST00143,Customer 0143,Consumer,North,Bronze,2022-06-06
CUST02240,Customer 2240,Consumer,South,Gold,2019-09-23
CUST01276,Customer 1276,SMB,East,Silver,2019-11-12
CUST00506,Customer 0506,Enterprise,North,Bronze,2024-04-20
CUST00140,Customer 0140,Enterprise,East,Silver,2021-05-09
CUST01507,Customer 1507,SMB,West,Gold,2015-03-09
CUST03495,Customer 3495,Enterprise,South,Silver,2024-01-31
CUST01698,Customer 1698,Corporate,North,Gold,2022-02-27
CUST00682,Customer 0682,Enterprise,West,Bronze,2015-08-28
CUST03249,Customer 3249,SMB,West,Gold,2017-09-02
CUST00872,Customer 0872,Enterprise,North,Gold,2017-11-28
CUST02295,Customer 2295,SMB,West,Bronze,2023-11-29
CUST04317,Customer 4317,Corporate,West,Platinum,2017-10-16
CUST02965,Customer 2965,Corporate,South,Bronze,2016-04-06
CUST01879,Customer 1879,Consumer,North,Bronze,2016-10-17
CUST01664,Customer 1664,Corporate,North,Silver,2022-03-03
CUST00524,Customer 0524,Enterprise,East,Silver,2022-12-24
CUST01084,Customer 1084,Consumer,West,Bronze,2017-05-29
CUST02335,Customer 2335,Enterprise,West,Bronze,2021-12-23
CUST00379,Customer 0379,SMB,North,Bronze,2015-08-10
CUST03006,Customer 3006,Enterprise,South,Platinum,2018-03-21
CUST01943,Customer 1943,Corporate,West,Bronze,2016-04-14
CUST00377,Customer 0377,Consumer,West,Gold,2021-08-27
CUST01067,Customer 1067,Corporate,West,Bronze,2023-06-01
CUST02388,Customer 2388,Corporate,West,Silver,2018-08-18
CUST01073,Customer 1073,Consumer,South,Gold,2018-04-28
CUST03331,Customer 3331,Enterprise,East,Silver,2020-10-24
CUST01620,Customer 1620,Corporate,North,Platinum,2024-12-14
CUST02376,Customer 2376,Enterprise,North,Bronze,2016-07-14
CUST01103,Customer 1103,SMB,South,Bronze,2018-10-18
CUST00779,Customer 0779,SMB,West,Gold,2020-03-21
CUST03711,Customer 3711,Corporate,West,Bronze,2020-07-01
CUST04968,Customer 4968,SMB,East,Silver,2024-01-11
CUST01127,Customer 1127,Enterprise,East,Gold,2022-10-09
CUST01658,Customer 1658,Corporate,East,Gold,2024-02-14
CUST01738,Customer 1738,Consumer,West,Silver,2024-08-29
CUST03459,Customer 3459,SMB,West,Gold,2017-07-27
CUST01916,Customer 1916,Enterprise,North,Silver,2021-02-11
CUST02461,Customer 2461,SMB,North,Bronze,2023-01-14
CUST02806,Customer 2806,SMB,South,Bronze,2018-08-03
CUST02686,Customer 2686,Consumer,South,Gold,2022-06-18
CUST02570,Customer 2570,Corporate,East,Gold,2022-01-30
CUST04600,Customer 4600,Corporate,North,Bronze,2019-01-05
CUST04883,Customer 4883,SMB,West,Silver,2016-12-18
CUST02833,Customer 2833,SMB,North,Silver,2021-02-24
CUST00493,Customer 0493,Consumer,West,Gold,2018-03-13
CUST00122,Customer 0122,SMB,West,Silver,2024-02-13
CUST03581,Customer 3581,SMB,East,Silver,2019-02-07
CUST02347,Customer 2347,Corporate,South,Silver,2021-09-25
CUST03372,Customer 3372,Consumer,East,Silver,2017-04-06
CUST02362,Customer 2362,Corporate,West,Bronze,2021-12-08
CUST04357,Customer 4357,SMB,South,Gold,2016-04-30
CUST00114,Customer 0114,Enterprise,East,Bronze,2018-06-23
CUST03729,Customer 3729,Corporate,West,Silver,2016-12-25
CUST02183,Customer 2183,Enterprise,East,Silver,2020-03-29
CUST03781,Customer 3781,SMB,South,Bronze,2021-06-01
CUST04524,Customer 4524,Enterprise,West,Bronze,2022-02-05
CUST00058,Customer 0058,SMB,South,Bronze,2024-08-12
CUST03762,Customer 3762,Enterprise,North,Bronze,2023-01-08
CUST02786,Customer 2786,Corporate,West,Silver,2020-04-18
CUST02055,Customer 2055,Corporate,East,Bronze,2019-02-17
CUST00211,Customer 0211,Consumer,North,Platinum,2019-03-28
CUST04331,Customer 4331,SMB,West,Silver,2018-07-14
CUST00320,Customer 0320,Consumer,South,Gold,2024-12-28
CUST01928,Customer 1928,SMB,West,Silver,2022-12-27
CUST00134,Customer 0134,Corporate,West,Bronze,2015-05-18
CUST03500,Customer 3500,Consumer,South,Bronze,2024-07-16
CUST01476,Customer 1476,Corporate,East,Bronze,2023-02-08
CUST02309,Customer 2309,Corporate,North,Bronze,2017-08-04
CUST02471,Customer 2471,Consumer,South,Bronze,2024-02-11
CUST01346,Customer 1346,Corporate,West,Gold,2017-12-13
CUST04784,Customer 4784,Consumer,South,Bronze,2016-05-30
CUST04708,Customer 4708,Corporate,South,Bronze,2023-01-08
CUST01538,Customer 1538,SMB,West,Bronze,2023-08-23
CUST00700,Customer 0700,Consumer,East,Silver,2019-11-28
CUST01742,Customer 1742,SMB,North,Bronze,2022-09-29
CUST03087,Customer 3087,Enterprise,North,Silver,2021-05-25
CUST00668,Customer 0668,Enterprise,South,Silver,2016-10-13
CUST04290,Customer 4290,Corporate,West,Silver,2019-09-22
CUST02053,Customer 2053,Enterprise,East,Silver,2024-03-09
CUST02425,Customer 2425,Corporate,North,Bronze,2020-10-30
CUST02575,Customer 2575,Enterprise,East,Bronze,2015-09-27
CUST02558,Customer 2558,Consumer,South,Bronze,2020-05-04
CUST02426,Customer 2426,Consumer,North,Silver,2021-12-08
CUST03427,Customer 3427,Enterprise,West,Gold,2023-01-16
CUST03426,Customer 3426,SMB,East,Bronze,2020-12-04
CUST03413,Customer 3413,Enterprise,East,Platinum,2019-02-05
CUST03479,Customer 3479,Enterprise,South,Bronze,2017-04-10
CUST03731,Customer 3731,Corporate,North,Silver,2019-07-25
CUST03510,Customer 3510,Corporate,East,Gold,2016-02-16
CUST03345,Customer 3345,Corporate,West,Bronze,2021-07-28
CUST01717,Customer 1717,Corporate,East,Gold,2017-03-28
CUST03097,Customer 3097,Consumer,East,Silver,2023-07-10
CUST03348,Customer 3348,Enterprise,West,Bronze,2015-08-10
CUST03637,Customer 3637,Consumer,North,Silver,2022-08-24
CUST00811,Customer 0811,SMB,South,Silver,2022-10-31
CUST00791,Customer 0791,Corporate,West,Silver,2015-09-15
CUST01416,Customer 1416,Corporate,South,Bronze,2017-05-12
CUST01562,Customer 1562,Consumer,West,Silver,2021-05-17
CUST00226,Customer 0226,Consumer,North,Bronze,2023-04-15
CUST04474,Customer 4474,Corporate,North,Bronze,2022-04-14
CUST00671,Customer 0671,Corporate,East,Silver,2017-12-09
CUST02573,Customer 2573,Consumer,East,Silver,2022-04-28
CUST00269,Customer 0269,Enterprise,South,Gold,2023-01-11
CUST02486,Customer 2486,Enterprise,East,Silver,2018-03-01
CUST00984,Customer 0984,SMB,West,Bronze,2021-09-25
CUST01548,Customer 1548,Consumer,West,Gold,2015-11-23
CUST00960,Customer 0960,Consumer,West,Gold,2020-06-02
CUST00546,Customer 0546,Consumer,South,Silver,2024-08-01
CUST01295,Customer 1295,Enterprise,North,Silver,2015-02-25
CUST04757,Customer 4757,Enterprise,North,Silver,2015-04-26
CUST02709,Customer 2709,Corporate,East,Silver,2017-01-02
CUST00909,Customer 0909,Consumer,West,Gold,2021-07-29
CUST03277,Customer 3277,Consumer,South,Silver,2016-07-19
CUST01246,Customer 1246,Corporate,East,Bronze,2018-10-09
CUST03106,Customer 3106,SMB,West,Gold,2017-12-14
CUST02011,Customer 2011,Enterprise,South,Silver,2017-12-20
CUST04145,Customer 4145,Enterprise,North,Bronze,2021-01-29
CUST03060,Customer 3060,Corporate,East,Silver,2020-04-12
CUST04750,Customer 4750,Consumer,West,Silver,2019-06-09
CUST00839,Customer 0839,Enterprise,West,Gold,2023-03-05
CUST03308,Customer 3308,Corporate,North,Bronze,2021-01-01
CUST00887,Customer 0887,Enterprise,South,Bronze,2021-06-07
CUST02234,Customer 2234,Consumer,East,Silver,2015-08-01
CUST04042,Customer 4042,Consumer,North,Bronze,2024-12-23
CUST01423,Customer 1423,Corporate,West,Silver,2018-12-24
CUST02741,Customer 2741,SMB,West,Gold,2024-01-19
CUST01990,Customer 1990,Consumer,South,Gold,2021-10-25
CUST03680,Customer 3680,Enterprise,South,Silver,2020-02-07
CUST02772,Customer 2772,SMB,East,Bronze,2016-01-25
CUST01767,Customer 1767,SMB,West,Bronze,2015-08-13
CUST04122,Customer 4122,Enterprise,West,Bronze,2022-01-15
CUST03497,Customer 3497,Corporate,West,Silver,2024-06-18
CUST03622,Customer 3622,Enterprise,South,Gold,2017-03-13
CUST01777,Customer 1777,Enterprise,East,Bronze,2017-10-06
CUST01830,Customer 1830,Consumer,East,Silver,2021-03-16
CUST00732,Customer 0732,Consumer,West,Silver,2023-02-16
CUST04831,Customer 4831,Consumer,South,Bronze,2017-06-20
CUST00935,Customer 0935,SMB,West,Bronze,2016-02-22
CUST00921,Customer 0921,Corporate,West,Bronze,2016-11-28
CUST01670,Customer 1670,Consumer,South,Silver,2019-12-13
CUST00888,Customer 0888,Enterprise,West,Gold,2022-07-18
CUST02626,Customer 2626,Enterprise,South,Bronze,2017-07-29
CUST01138,Customer 1138,Consumer,West,Silver,2019-01-14
CUST01873,Customer 1873,Enterprise,East,Silver,2015-03-28
CUST03306,Customer 3306,SMB,East,Bronze,2016-06-23
CUST01054,Customer 1054,Enterprise,West,Silver,2023-05-03
CUST03885,Customer 3885,Consumer,East,Silver,2023-02-11
CUST00522,Customer 0522,Enterprise,South,Bronze,2024-11-04
CUST01594,Customer 1594,SMB,South,Silver,2024-04-02
CUST02211,Customer 2211,Consumer,West,Bronze,2021-01-30
CUST03258,Customer 3258,Corporate,East,Bronze,2020-06-11
CUST02356,Customer 2356,Enterprise,North,Bronze,2023-02-15
CUST00306,Customer 0306,Corporate,East,Bronze,2016-06-02
CUST04028,Customer 4028,SMB,East,Platinum,2015-10-29
CUST00865,Customer 0865,Consumer,South,Silver,2018-04-01
CUST00063,Customer 0063,Enterprise,North,Bronze,2020-12-25
CUST03457,Customer 3457,SMB,North,Bronze,2017-10-30
CUST00842,Customer 0842,Consumer,West,Silver,2021-09-30
CUST03865,Customer 3865,Consumer,West,Silver,2024-12-23
CUST04745,Customer 4745,Enterprise,North,Silver,2021-05-15
CUST04001,Customer 4001,Enterprise,South,Bronze,2024-02-03
CUST01414,Customer 1414,SMB,North,Bronze,2022-12-05
CUST00595,Customer 0595,Consumer,South,Silver,2016-06-08
CUST02056,Customer 2056,SMB,West,Silver,2021-03-22
CUST03710,Customer 3710,SMB,South,Bronze,2023-06-05
CUST04439,Customer 4439,Corporate,South,Gold,2015-08-30
CUST00331,Customer 0331,Corporate,South,Platinum,2020-09-11
CUST03227,Customer 3227,Consumer,East,Silver,2017-04-15
CUST02533,Customer 2533,Enterprise,North,Silver,2021-07-05
CUST04857,Customer 4857,Consumer,East,Bronze,2022-07-07
CUST01417,Customer 1417,Enterprise,North,Bronze,2019-01-06
CUST02541,Customer 2541,Enterprise,South,Gold,2019-12-05
CUST03573,Customer 3573,Enterprise,North,Bronze,2017-02-03
CUST00821,Customer 0821,Consumer,East,Platinum,2017-01-14
CUST02641,Customer 2641,Enterprise,West,Bronze,2023-08-08
CUST03122,Customer 3122,Corporate,West,Silver,2022-06-07
CUST02365,Customer 2365,SMB,West,Bronze,2019-12-13
CUST02578,Customer 2578,Enterprise,East,Gold,2017-03-23
CUST04155,Customer 4155,Consumer,East,Gold,2019-02-01
CUST04362,Customer 4362,Corporate,West,Bronze,2019-01-14
CUST02039,Customer 2039,Enterprise,North,Silver,2016-12-14
CUST04822,Customer 4822,Corporate,North,Bronze,2018-05-15
CUST00813,Customer 0813,Enterprise,East,Bronze,2021-07-16
CUST01249,Customer 1249,Enterprise,North,Silver,2018-04-12
CUST04133,Customer 4133,SMB,East,Bronze,2022-08-22
CUST04799,Customer 4799,Consumer,South,Platinum,2015-09-30
CUST04672,Customer 4672,Consumer,North,Silver,2015-10-13
CUST00659,Customer 0659,Consumer,North,Bronze,2018-04-12
CUST01519,Customer 1519,Corporate,East,Bronze,2022-06-24
CUST00797,Customer 0797,SMB,West,Bronze,2019-03-03
CUST04131,Customer 4131,SMB,South,Bronze,2020-10-11
CUST02226,Customer 2226,Consumer,North,Gold,2021-08-05
CUST02474,Customer 2474,SMB,South,Bronze,2023-03-24
CUST01466,Customer 1466,Corporate,North,Bronze,2022-10-10
CUST04459,Customer 4459,Enterprise,North,Bronze,2020-10-21
CUST04423,Customer 4423,Corporate,West,Bronze,2021-02-04
CUST02297,Customer 2297,SMB,East,Gold,2019-06-20
CUST02841,Customer 2841,Consumer,East,Bronze,2021-04-05
CUST02166,Customer 2166,SMB,North,Silver,2021-08-31
CUST01142,Customer 1142,SMB,West,Silver,2021-01-21
CUST03961,Customer 3961,SMB,West,Bronze,2016-05-20
CUST04907,Customer 4907,Corporate,East,Platinum,2022-04-24
CUST00322,Customer 0322,Corporate,East,Bronze,2016-04-05
CUST04779,Customer 4779,Enterprise,North,Silver,2015-02-16
CUST02643,Customer 2643,Consumer,West,Silver,2023-12-21
CUST01966,Customer 1966,Consumer,North,Silver,2018-08-26
CUST03649,Customer 3649,SMB,South,Bronze,2017-11-20
CUST00876,Customer 0876,SMB,West,Silver,2022-03-04
CUST02267,Customer 2267,SMB,West,Bronze,2018-09-07
CUST01349,Customer 1349,Enterprise,South,Bronze,2019-05-29
CUST03893,Customer 3893,Enterprise,East,Bronze,2017-11-14
CUST00110,Customer 0110,Enterprise,East,Bronze,2018-11-08
CUST00182,Customer 0182,SMB,East,Bronze,2015-02-01
CUST00567,Customer 0567,Enterprise,East,Bronze,2017-02-24
CUST04720,Customer 4720,Corporate,South,Silver,2018-06-25
CUST03053,Customer 3053,Corporate,South,Bronze,2016-12-31
CUST04706,Customer 4706,Enterprise,South,Gold,2017-04-01
CUST02303,Customer 2303,Corporate,East,Platinum,2018-04-04
CUST04885,Customer 4885,SMB,South,Bronze,2021-04-07
CUST00297,Customer 0297,Consumer,West,Bronze,2024-08-02
CUST02634,Customer 2634,Consumer,North,Platinum,2019-01-13
CUST01973,Customer 1973,SMB,North,Bronze,2021-03-04
CUST00428,Customer 0428,SMB,East,Gold,2022-09-22
CUST00397,Customer 0397,Corporate,South,Gold,2016-10-24
CUST04838,Customer 4838,Corporate,West,Bronze,2019-10-01
CUST01849,Customer 1849,SMB,South,Silver,2017-09-22
CUST00762,Customer 0762,Consumer,East,Silver,2020-03-16
CUST03994,Customer 3994,Corporate,South,Bronze,2020-11-18
CUST04391,Customer 4391,SMB,East,Gold,2023-11-04
CUST02589,Customer 2589,SMB,South,Silver,2018-04-08
CUST00598,Customer 0598,Consumer,West,Silver,2021-09-24
CUST03027,Customer 3027,Corporate,South,Platinum,2016-03-16
CUST02453,Customer 2453,Consumer,East,Bronze,2021-12-23
CUST03475,Customer 3475,Consumer,East,Silver,2020-11-12
CUST01231,Customer 1231,Corporate,North,Gold,2024-09-15
CUST00778,Customer 0778,Consumer,North,Bronze,2023-04-04
CUST00161,Customer 0161,Enterprise,East,Silver,2018-08-13
CUST00316,Customer 0316,Enterprise,North,Silver,2022-05-23
CUST04661,Customer 4661,Enterprise,South,Gold,2016-03-07
CUST02852,Customer 2852,Corporate,West,Gold,2016-05-13
CUST03903,Customer 3903,Consumer,West,Bronze,2015-04-15
CUST04519,Customer 4519,SMB,North,Silver,2015-09-01
CUST03407,Customer 3407,Consumer,East,Bronze,2015-02-13
CUST04529,Customer 4529,Enterprise,South,Silver,2023-01-02
CUST04646,Customer 4646,Consumer,West,Bronze,2022-06-01
CUST03358,Customer 3358,Consumer,North,Silver,2021-06-20
CUST00686,Customer 0686,Enterprise,West,Bronze,2021-12-06
CUST04234,Customer 4234,SMB,East,Bronze,2016-01-31
CUST01858,Customer 1858,Corporate,North,Gold,2020-10-19
CUST04636,Customer 4636,Consumer,South,Silver,2017-01-16
CUST02538,Customer 2538,Consumer,North,Bronze,2016-09-21
CUST02994,Customer 2994,Corporate,East,Bronze,2018-10-24
CUST02603,Customer 2603,SMB,North,Bronze,2015-01-27
CUST03035,Customer 3035,Consumer,South,Bronze,2022-03-20
CUST04355,Customer 4355,Consumer,West,Bronze,2022-12-11
CUST01550,Customer 1550,Corporate,East,Bronze,2019-02-25
CUST00535,Customer 0535,SMB,North,Silver,2016-05-28
CUST04707,Customer 4707,Consumer,West,Bronze,2017-01-02
CUST03506,Customer 3506,SMB,West,Bronze,2024-06-04
CUST02150,Customer 2150,Enterprise,East,Silver,2024-07-09
CUST02243,Customer 2243,Corporate,West,Silver,2022-03-24
CUST03167,Customer 3167,Corporate,East,Silver,2022-04-25
CUST00468,Customer 0468,SMB,West,Gold,2021-03-09
CUST03786,Customer 3786,Corporate,West,Bronze,2018-09-23
CUST03505,Customer 3505,Enterprise,South,Bronze,2016-01-16
CUST03884,Customer 3884,Enterprise,North,Silver,2024-08-04
CUST03070,Customer 3070,SMB,South,Gold,2022-03-16
CUST02778,Customer 2778,Corporate,West,Bronze,2016-06-08
CUST00025,Customer 0025,Consumer,East,Bronze,2023-05-07
CUST02635,Customer 2635,Enterprise,East,Bronze,2017-02-07
CUST01806,Customer 1806,Enterprise,North,Gold,2016-04-07
CUST02836,Customer 2836,Corporate,West,Bronze,2015-10-31
CUST04596,Customer 4596,SMB,West,Bronze,2021-06-13
CUST01033,Customer 1033,Corporate,South,Platinum,2016-09-29
CUST04506,Customer 4506,Enterprise,North,Bronze,2019-12-28
CUST04227,Customer 4227,Enterprise,South,Bronze,2022-01-15
CUST03523,Customer 3523,Consumer,East,Bronze,2022-10-15
CUST00932,Customer 0932,Consumer,South,Bronze,2017-06-11
CUST01850,Customer 1850,Consumer,South,Silver,2016-04-17
CUST03316,Customer 3316,Enterprise,South,Silver,2020-03-22
CUST00785,Customer 0785,SMB,West,Bronze,2019-05-10
CUST04995,Customer 4995,SMB,East,Silver,2017-04-28
CUST04233,Customer 4233,Enterprise,West,Silver,2018-12-30
CUST01399,Customer 1399,Enterprise,North,Bronze,2021-06-29
CUST04441,Customer 4441,Enterprise,South,Silver,2020-08-29
CUST00845,Customer 0845,SMB,South,Bronze,2022-05-14
CUST03975,Customer 3975,Enterprise,South,Silver,2023-01-26
CUST03381,Customer 3381,Consumer,North,Gold,2021-08-21
CUST02727,Customer 2727,Corporate,West,Bronze,2020-05-21
CUST03486,Customer 3486,Corporate,West,Bronze,2020-10-03
CUST02249,Customer 2249,Consumer,North,Bronze,2019-06-05
CUST04127,Customer 4127,Corporate,East,Bronze,2023-10-06
CUST00446,Customer 0446,Corporate,West,Bronze,2019-05-13
CUST02341,Customer 2341,SMB,North,Silver,2015-11-12
CUST02195,Customer 2195,Enterprise,West,Silver,2023-11-18
CUST04458,Customer 4458,Enterprise,East,Bronze,2021-11-10
CUST00180,Customer 0180,Consumer,South,Bronze,2020-02-02
CUST04367,Customer 4367,Consumer,North,Gold,2018-09-04
CUST04611,Customer 4611,Corporate,East,Gold,2019-11-23
CUST00919,Customer 0919,Corporate,South,Silver,2015-11-19
CUST04280,Customer 4280,SMB,North,Bronze,2018-01-21
CUST02280,Customer 2280,Enterprise,South,Gold,2022-06-08
CUST01407,Customer 1407,SMB,South,Silver,2017-03-18
CUST01584,Customer 1584,Consumer,East,Silver,2019-11-09
CUST01677,Customer 1677,Consumer,North,Silver,2022-06-04
CUST00163,Customer 0163,Enterprise,South,Silver,2024-04-27
CUST03795,Customer 3795,Consumer,North,Silver,2017-01-20
CUST02949,Customer 2949,Corporate,West,Bronze,2023-04-06
CUST04813,Customer 4813,Corporate,South,Silver,2020-11-07
CUST01760,Customer 1760,SMB,North,Bronze,2020-09-09
CUST00652,Customer 0652,Consumer,West,Bronze,2017-01-29
CUST01673,Customer 1673,Enterprise,East,Bronze,2018-07-31
CUST04018,Customer 4018,Corporate,West,Bronze,2024-07-24
CUST01439,Customer 1439,SMB,East,Gold,2020-09-03
CUST00247,Customer 0247,SMB,West,Bronze,2022-07-15
CUST03104,Customer 3104,Consumer,East,Silver,2017-02-16
CUST00048,Customer 0048,SMB,West,Gold,2023-11-08
CUST00295,Customer 0295,Enterprise,South,Silver,2017-03-06
CUST03657,Customer 3657,SMB,North,Platinum,2020-05-08
CUST00600,Customer 0600,Consumer,South,Bronze,2017-08-18
CUST00237,Customer 0237,Consumer,West,Silver,2024-08-07
CUST02088,Customer 2088,Consumer,North,Bronze,2019-12-02
CUST03597,Customer 3597,Enterprise,West,Gold,2022-10-02
CUST02352,Customer 2352,Consumer,East,Platinum,2017-10-31
CUST01293,Customer 1293,Corporate,North,Bronze,2020-11-27
CUST01442,Customer 1442,Corporate,North,Bronze,2021-12-13
CUST03354,Customer 3354,Enterprise,North,Silver,2024-10-11
CUST00109,Customer 0109,Enterprise,East,Silver,2024-09-15
CUST02534,Customer 2534,SMB,East,Silver,2024-10-19
CUST01062,Customer 1062,Consumer,West,Gold,2018-05-21
CUST01688,Customer 1688,Enterprise,North,Silver,2017-05-19
CUST01616,Customer 1616,SMB,South,Bronze,2015-01-16
CUST02215,Customer 2215,Corporate,South,Bronze,2022-04-10
CUST00355,Customer 0355,SMB,South,Silver,2016-03-11
CUST04736,Customer 4736,SMB,East,Gold,2022-01-16
CUST00509,Customer 0509,Corporate,South,Bronze,2018-06-06
CUST04143,Customer 4143,SMB,North,Silver,2020-10-20
CUST02593,Customer 2593,Enterprise,West,Bronze,2020-10-26
CUST03313,Customer 3313,Consumer,North,Silver,2023-07-23
CUST00922,Customer 0922,Enterprise,North,Silver,2017-05-29
CUST00699,Customer 0699,Corporate,North,Silver,2015-05-19
CUST04724,Customer 4724,Consumer,North,Bronze,2021-02-19
CUST03750,Customer 3750,Corporate,South,Silver,2021-04-25
CUST03235,Customer 3235,SMB,East,Bronze,2020-04-16
CUST00903,Customer 0903,SMB,West,Silver,2023-07-21
CUST00634,Customer 0634,Enterprise,South,Platinum,2016-02-13
CUST02810,Customer 2810,SMB,North,Bronze,2023-08-02
CUST04955,Customer 4955,Consumer,South,Gold,2019-12-05
CUST04568,Customer 4568,Consumer,West,Bronze,2020-06-08
CUST04384,Customer 4384,Consumer,South,Bronze,2018-02-19
CUST04937,Customer 4937,Enterprise,South,Bronze,2015-09-15
CUST00707,Customer 0707,SMB,North,Bronze,2022-12-09
CUST04584,Customer 4584,Consumer,West,Bronze,2015-02-02
CUST04371,Customer 4371,SMB,South,Bronze,2015-05-03
CUST01681,Customer 1681,Corporate,West,Gold,2015-04-09
CUST02582,Customer 2582,Corporate,East,Platinum,2023-10-13
CUST01272,Customer 1272,Enterprise,North,Bronze,2016-04-06
CUST01200,Customer 1200,Enterprise,North,Silver,2016-05-24
CUST01020,Customer 1020,Enterprise,West,Bronze,2023-06-28
CUST03589,Customer 3589,Corporate,North,Gold,2018-10-29
CUST02906,Customer 2906,SMB,West,Bronze,2020-01-25
CUST00729,Customer 0729,Corporate,North,Platinum,2024-09-27
CUST03236,Customer 3236,Corporate,North,Bronze,2023-10-07
CUST00171,Customer 0171,Consumer,East,Bronze,2018-05-05
CUST03562,Customer 3562,Consumer,East,Silver,2019-03-08
CUST03618,Customer 3618,Consumer,West,Bronze,2021-04-07
CUST02587,Customer 2587,SMB,North,Bronze,2017-04-07
CUST01621,Customer 1621,SMB,North,Gold,2019-06-04
CUST02218,Customer 2218,SMB,West,Bronze,2020-06-23
CUST04102,Customer 4102,Enterprise,South,Bronze,2020-04-01
CUST01089,Customer 1089,Corporate,North,Gold,2018-05-19
CUST01888,Customer 1888,SMB,North,Platinum,2017-01-17
CUST01971,Customer 1971,Corporate,North,Silver,2024-09-24
CUST04929,Customer 4929,Corporate,East,Bronze,2022-03-17
CUST02285,Customer 2285,SMB,South,Bronze,2024-08-04
CUST04567,Customer 4567,SMB,West,Silver,2017-08-27
CUST02172,Customer 2172,Consumer,South,Gold,2015-01-30
CUST03861,Customer 3861,Corporate,South,Silver,2020-03-13
CUST03256,Customer 3256,Corporate,East,Gold,2015-11-16
CUST01595,Customer 1595,Consumer,West,Silver,2021-08-21
CUST03939,Customer 3939,Corporate,East,Bronze,2024-09-21
CUST00650,Customer 0650,SMB,South,Silver,2023-05-22
CUST04771,Customer 4771,Consumer,North,Silver,2020-02-16
CUST04575,Customer 4575,SMB,South,Gold,2023-09-26
CUST00614,Customer 0614,SMB,West,Gold,2021-11-12
CUST02021,Customer 2021,Enterprise,North,Bronze,2021-04-15
CUST04801,Customer 4801,SMB,East,Bronze,2024-02-14
CUST03292,Customer 3292,Corporate,North,Silver,2024-06-06
CUST00146,Customer 0146,Corporate,South,Bronze,2018-07-01
CUST03204,Customer 3204,Corporate,South,Bronze,2017-08-03
CUST00819,Customer 0819,Consumer,North,Silver,2023-10-03
CUST00834,Customer 0834,Consumer,East,Bronze,2024-08-03
CUST01793,Customer 1793,SMB,North,Bronze,2020-02-16
CUST00439,Customer 0439,Corporate,West,Bronze,2020-04-30
CUST01291,Customer 1291,Corporate,East,Bronze,2017-01-04
CUST01072,Customer 1072,Corporate,North,Bronze,2017-02-12
CUST00781,Customer 0781,Corporate,East,Silver,2022-01-03
CUST03779,Customer 3779,Consumer,East,Silver,2017-09-25
CUST01890,Customer 1890,Enterprise,East,Bronze,2016-08-16
CUST00697,Customer 0697,Consumer,South,Silver,2019-08-15
CUST04183,Customer 4183,Enterprise,East,Gold,2016-09-11
CUST02944,Customer 2944,SMB,North,Silver,2016-10-20
CUST03481,Customer 3481,Corporate,West,Gold,2024-01-19
CUST02740,Customer 2740,Corporate,South,Gold,2019-12-14
CUST02755,Customer 2755,Enterprise,South,Bronze,2024-08-02
CUST04111,Customer 4111,SMB,West,Bronze,2016-07-17
CUST04933,Customer 4933,Corporate,North,Silver,2018-02-14
CUST04019,Customer 4019,Corporate,East,Silver,2019-10-18
CUST04703,Customer 4703,Consumer,South,Silver,2021-12-29
CUST03098,Customer 3098,Enterprise,North,Gold,2024-10-19
CUST03203,Customer 3203,SMB,West,Bronze,2023-06-26
CUST00967,Customer 0967,SMB,North,Silver,2016-02-14
CUST01530,Customer 1530,Corporate,North,Bronze,2019-06-29
CUST04878,Customer 4878,Consumer,South,Bronze,2023-08-08
CUST01433,Customer 1433,Corporate,North,Gold,2023-03-06
CUST04083,Customer 4083,Enterprise,East,Silver,2016-05-13
CUST03974,Customer 3974,Corporate,North,Gold,2015-12-17
CUST01402,Customer 1402,Corporate,South,Bronze,2019-10-30
CUST00702,Customer 0702,Consumer,West,Bronze,2021-02-04
CUST03391,Customer 3391,Consumer,East,Bronze,2024-01-25
CUST04401,Customer 4401,Consumer,North,Silver,2015-09-19
CUST00539,Customer 0539,Corporate,North,Silver,2019-11-28
CUST01502,Customer 1502,SMB,South,Silver,2024-08-22
CUST00728,Customer 0728,Consumer,West,Bronze,2022-05-14
CUST03508,Customer 3508,SMB,East,Silver,2015-08-04
CUST04785,Customer 4785,Corporate,North,Bronze,2016-03-01
CUST04285,Customer 4285,Consumer,East,Silver,2016-02-14
CUST03319,Customer 3319,Consumer,East,Silver,2016-06-25
CUST01071,Customer 1071,Corporate,East,Bronze,2020-06-21
CUST01339,Customer 1339,Corporate,North,Bronze,2017-11-13
CUST04426,Customer 4426,Consumer,West,Bronze,2017-01-04
CUST01636,Customer 1636,Enterprise,South,Gold,2019-09-04
CUST01136,Customer 1136,Consumer,South,Silver,2017-05-16
CUST00750,Customer 0750,Consumer,West,Bronze,2020-04-17
CUST02014,Customer 2014,SMB,West,Gold,2023-04-28
CUST03215,Customer 3215,Consumer,North,Gold,2015-02-06
CUST04403,Customer 4403,SMB,South,Bronze,2018-03-03
CUST02954,Customer 2954,Enterprise,North,Gold,2022-07-10
CUST01022,Customer 1022,SMB,North,Platinum,2016-09-07
CUST00814,Customer 0814,Enterprise,West,Platinum,2018-12-11
CUST04850,Customer 4850,Corporate,South,Bronze,2017-08-10
CUST00824,Customer 0824,Enterprise,South,Platinum,2017-06-16
CUST03286,Customer 3286,Corporate,East,Silver,2024-07-09
CUST02795,Customer 2795,Corporate,North,Silver,2022-05-26
CUST00937,Customer 0937,Enterprise,West,Silver,2021-08-30
CUST03384,Customer 3384,Enterprise,South,Silver,2019-12-07
CUST03247,Customer 3247,Consumer,West,Bronze,2022-06-13
CUST03991,Customer 3991,Consumer,West,Silver,2015-05-09
CUST02430,Customer 2430,SMB,South,Bronze,2018-04-19
CUST03716,Customer 3716,Enterprise,South,Bronze,2023-12-29
CUST00371,Customer 0371,Consumer,North,Platinum,2021-04-19
CUST01336,Customer 1336,Corporate,South,Silver,2020-03-21
CUST00782,Customer 0782,Corporate,East,Bronze,2022-08-07
CUST03238,Customer 3238,Enterprise,North,Silver,2020-03-03
CUST04289,Customer 4289,Enterprise,East,Bronze,2016-05-05
CUST00286,Customer 0286,Enterprise,North,Platinum,2022-02-14
CUST00166,Customer 0166,Enterprise,East,Silver,2017-06-10
CUST03463,Customer 3463,SMB,South,Silver,2023-07-09
CUST03458,Customer 3458,Enterprise,North,Silver,2022-03-23
CUST00148,Customer 0148,Enterprise,East,Silver,2016-02-13
CUST01835,Customer 1835,Corporate,South,Silver,2021-09-03
CUST01583,Customer 1583,Enterprise,South,Bronze,2018-03-31
CUST03209,Customer 3209,Enterprise,West,Bronze,2019-03-22
CUST03336,Customer 3336,Enterprise,West,Platinum,2023-05-11
CUST04796,Customer 4796,Corporate,South,Silver,2020-05-26
CUST02192,Customer 2192,Corporate,North,Gold,2015-02-15
CUST01804,Customer 1804,SMB,East,Silver,2018-11-23
CUST04230,Customer 4230,Enterprise,North,Gold,2017-03-22
CUST04936,Customer 4936,Consumer,East,Bronze,2016-01-27
CUST00017,Customer 0017,Enterprise,East,Silver,2017-08-26
CUST01866,Customer 1866,Enterprise,North,Bronze,2023-05-13
CUST04975,Customer 4975,Corporate,South,Silver,2023-08-27
CUST00094,Customer 0094,Consumer,East,Platinum,2021-03-04
CUST04638,Customer 4638,Corporate,North,Gold,2017-03-17
CUST02843,Customer 2843,SMB,West,Bronze,2023-04-07
CUST03816,Customer 3816,Enterprise,North,Silver,2021-10-03
CUST01101,Customer 1101,Consumer,West,Bronze,2015-10-09
CUST00245,Customer 0245,Enterprise,East,Silver,2023-02-08
CUST00617,Customer 0617,SMB,East,Bronze,2018-09-28
CUST03995,Customer 3995,Consumer,South,Bronze,2024-10-05
CUST01155,Customer 1155,SMB,East,Silver,2018-01-12
CUST02095,Customer 2095,Enterprise,South,Platinum,2024-08-04
CUST04243,Customer 4243,Enterprise,South,Bronze,2018-06-30
CUST01035,Customer 1035,Corporate,West,Gold,2017-11-14
CUST01917,Customer 1917,Consumer,South,Silver,2024-05-30
CUST03856,Customer 3856,Consumer,East,Silver,2018-04-24
CUST01884,Customer 1884,Enterprise,West,Bronze,2018-09-11
CUST00353,Customer 0353,SMB,North,Platinum,2023-10-11
CUST01470,Customer 1470,Enterprise,North,Gold,2023-12-03
CUST03461,Customer 3461,Enterprise,South,Bronze,2018-06-04
CUST03245,Customer 3245,Corporate,West,Bronze,2023-01-22
CUST00944,Customer 0944,Enterprise,South,Bronze,2017-05-29
CUST01607,Customer 1607,Corporate,West,Bronze,2023-08-25
CUST03099,Customer 3099,Corporate,West,Bronze,2022-01-10
CUST01881,Customer 1881,Consumer,West,Bronze,2018-02-15
CUST02911,Customer 2911,Consumer,East,Bronze,2020-11-14
CUST02245,Customer 2245,Consumer,North,Platinum,2020-12-09
CUST02421,Customer 2421,Consumer,East,Platinum,2020-08-22
CUST04232,Customer 4232,Consumer,North,Silver,2023-08-01
CUST04759,Customer 4759,SMB,East,Bronze,2017-10-09
CUST04891,Customer 4891,Consumer,North,Silver,2015-11-27
CUST01657,Customer 1657,Corporate,West,Bronze,2015-12-24
CUST03265,Customer 3265,Consumer,North,Silver,2015-08-10
CUST04005,Customer 4005,Enterprise,West,Silver,2019-07-24
CUST02129,Customer 2129,Enterprise,North,Bronze,2016-09-25
CUST01619,Customer 1619,SMB,West,Bronze,2016-04-16
CUST01179,Customer 1179,Consumer,West,Bronze,2016-03-22
CUST04203,Customer 4203,Consumer,West,Bronze,2023-05-04
CUST03182,Customer 3182,Consumer,East,Bronze,2018-08-05
CUST04201,Customer 4201,Consumer,South,Bronze,2019-02-07
CUST00460,Customer 0460,SMB,West,Bronze,2020-06-20
CUST00495,Customer 0495,Consumer,North,Silver,2024-02-28
CUST00938,Customer 0938,Enterprise,West,Silver,2023-04-05
CUST04812,Customer 4812,Enterprise,South,Bronze,2017-10-09
CUST04749,Customer 4749,Corporate,East,Gold,2020-04-03
CUST04713,Customer 4713,Corporate,North,Silver,2020-07-13
CUST03136,Customer 3136,SMB,North,Bronze,2019-07-11
CUST00766,Customer 0766,Corporate,East,Bronze,2018-05-27
CUST00183,Customer 0183,Consumer,West,Bronze,2022-01-21
CUST04253,Customer 4253,SMB,South,Bronze,2020-06-02
CUST02718,Customer 2718,Consumer,East,Bronze,2019-07-26
CUST00632,Customer 0632,Corporate,South,Bronze,2023-03-29
CUST01554,Customer 1554,SMB,North,Bronze,2021-07-09
CUST01052,Customer 1052,SMB,South,Silver,2021-06-08
CUST01563,Customer 1563,Enterprise,South,Bronze,2019-03-21
CUST01961,Customer 1961,Corporate,South,Silver,2017-11-03
